Escalator Availability,,,,,,,,,,,,,
Escalator Availability,2004/05,2005/06,2006/07,2007/08,2008/09,2009/10,2010/11,2011/12,2012/13,2013/14,2014/15,2015/16,2016/17
Bakerloo,95.00%,97.10%,98.30%,95.40%,95.60%,95.60%,89.20%,91.90%,99.10%,98.70%,99.40%,99.70%,99.40%
Central,94.50%,94.90%,97.40%,96.00%,89.70%,92.70%,95.20%,93.50%,97.90%,96.00%,95.50%,99.30%,96.30%
Waterloo & City,0.00%,0.00%,0.00%,0.00%,0.00%,0.00%,0.00%,0.00%,0.00%,0.00%,0.00%,0.00%,0.00%
Circle & Ham,89.20%,93.70%,96.40%,97.80%,96.90%,96.00%,98.00%,97.80%,98.90%,98.40%,95.60%,95.10%,97.40%
District,87.70%,98.90%,95.50%,94.20%,99.80%,97.40%,96.70%,98.20%,99.30%,92.60%,87.80%,99.60%,99.80%
Jubilee,98.00%,96.70%,95.50%,95.90%,96.20%,97.10%,96.60%,96.40%,97.10%,97.30%,97.20%,96.90%,97.10%
Metropolitan,99.50%,98.40%,98.60%,99.80%,99.60%,99.80%,99.70%,98.50%,86.90%,99.90%,98.90%,99.80%,98.60%
Northern,89.60%,93.60%,95.90%,94.50%,98.90%,98.00%,98.20%,97.30%,97.30%,97.70%,97.20%,97.70%,98.40%
Piccadilly,94.20%,96.90%,95.80%,96.60%,95.10%,94.20%,92.90%,95.70%,97.30%,97.90%,96.40%,98.20%,97.50%
Victoria,90.30%,93.70%,97.50%,98.20%,97.50%,95.80%,96.60%,97.10%,97.80%,95.10%,97.40%,96.70%,99.40%
TOTAL ALL LINES,94.10%,95.70%,96.40%,96.10%,95.80%,96.00%,95.70%,95.90%,97.60%,97.10%,96.60%,97.70%,97.70%
,1,2,3,4,5,6,7,8,9,10,11,12,13
Escalator Availability,2003/04,,,,,,,,,,,,
Bakerloo,91.90%,91.80%,93.00%,94.00%,92.80%,94.30%,89.70%,91.10%,94.20%,94.00%,93.40%,94.60%,94.90%
Central,89.50%,90.50%,89.90%,94.20%,96.30%,96.20%,96.10%,95.00%,93.20%,92.70%,91.40%,89.50%,90.40%
Waterloo & City,0.00%,0.00%,0.00%,0.00%,0.00%,0.00%,0.00%,0.00%,0.00%,0.00%,0.00%,0.00%,0.00%
Circle & Ham,0.00%,0.00%,0.00%,0.00%,0.00%,0.00%,0.00%,0.00%,0.00%,95.10%,93.80%,93.10%,93.40%
District,96.10%,96.90%,94.70%,92.90%,89.30%,92.60%,95.90%,88.20%,89.20%,83.10%,83.20%,83.00%,83.30%
Jubilee,99.10%,99.10%,98.60%,99.00%,99.50%,97.70%,96.80%,99.80%,98.50%,98.90%,98.50%,98.50%,99.00%
Metropolitan,79.80%,82.10%,83.20%,83.00%,85.10%,85.90%,86.60%,86.80%,89.80%,99.80%,100.00%,99.80%,99.70%
Northern,88.50%,90.60%,92.00%,92.90%,95.50%,94.00%,87.60%,93.80%,90.30%,92.20%,91.60%,92.20%,88.70%
Piccadilly,98.30%,98.50%,96.60%,96.60%,96.00%,92.00%,92.40%,97.70%,94.40%,93.20%,95.20%,96.00%,93.70%
Victoria,96.30%,96.30%,96.90%,92.40%,96.00%,95.30%,95.00%,95.00%,95.20%,96.60%,95.40%,96.50%,96.30%
TOTAL ALL LINES,93.70%,94.30%,94.20%,94.70%,95.70%,94.70%,93.30%,95.30%,94.40%,95.00%,94.60%,94.60%,94.20%
Escalator Availability,2004/05,,,,,,,,,,,,
Bakerloo,95.90%,95.10%,94.30%,94.40%,94.00%,94.10%,90.20%,93.80%,96.30%,96.60%,96.90%,96.70%,96.90%
Central,91.20%,90.40%,88.10%,92.00%,93.30%,96.00%,94.50%,95.80%,97.40%,98.80%,99.30%,96.90%,95.20%
Waterloo & City,0.00%,0.00%,0.00%,0.00%,0.00%,0.00%,0.00%,0.00%,0.00%,0.00%,0.00%,0.00%,0.00%
Circle & Ham,91.50%,93.10%,91.80%,89.80%,90.40%,94.40%,90.20%,86.90%,86.80%,83.60%,85.30%,87.40%,87.70%
District,82.90%,83.00%,83.30%,83.00%,78.30%,82.60%,83.10%,83.20%,82.90%,98.50%,99.90%,99.40%,99.80%
Jubilee,98.90%,98.00%,98.10%,98.70%,98.70%,98.50%,97.60%,97.30%,98.20%,97.80%,98.00%,96.60%,97.90%
Metropolitan,99.80%,99.00%,100.00%,98.90%,99.50%,99.90%,98.90%,98.80%,100.00%,99.90%,99.70%,99.70%,99.80%
Northern,88.60%,90.90%,90.10%,88.30%,88.40%,88.30%,88.40%,88.60%,89.10%,91.50%,90.50%,90.00%,92.50%
Piccadilly,94.50%,93.30%,93.90%,93.50%,91.10%,91.80%,94.00%,92.90%,94.10%,96.50%,98.00%,97.40%,93.80%
Victoria,99.40%,95.60%,93.10%,93.70%,93.20%,92.40%,90.50%,90.80%,87.10%,87.40%,86.20%,80.40%,84.00%
TOTAL ALL LINES,94.60%,94.20%,93.50%,93.90%,93.70%,94.40%,93.30%,93.50%,94.10%,95.00%,95.30%,94.00%,94.40%
Escalator Availability,2005/06,,,,,,,,,,,,
Bakerloo,96.80%,96.10%,94.90%,94.80%,94.90%,96.70%,96.80%,96.80%,99.50%,99.20%,97.20%,98.60%,99.50%
Central,95.30%,95.20%,94.10%,93.00%,92.20%,91.80%,93.90%,96.00%,97.20%,98.30%,96.40%,95.10%,95.90%
Waterloo & City,0.00%,0.00%,0.00%,0.00%,0.00%,0.00%,0.00%,0.00%,0.00%,0.00%,0.00%,0.00%,0.00%
Circle & Ham,89.30%,92.90%,92.60%,89.80%,89.80%,95.30%,96.30%,93.60%,94.20%,96.30%,96.60%,96.70%,94.40%
District,99.80%,99.70%,99.70%,99.90%,99.90%,99.90%,100.00%,99.60%,99.50%,99.50%,99.60%,96.30%,91.50%
Jubilee,98.10%,96.60%,96.40%,96.30%,96.50%,96.50%,96.70%,96.60%,96.60%,98.40%,96.00%,96.70%,95.60%
Metropolitan,99.40%,99.20%,99.60%,97.10%,99.90%,99.30%,99.80%,99.80%,86.10%,99.20%,99.90%,99.90%,99.80%
Northern,92.80%,92.40%,93.90%,91.10%,89.10%,89.30%,90.50%,95.60%,98.30%,99.00%,95.60%,94.30%,95.40%
Piccadilly,95.80%,96.80%,96.90%,97.00%,97.00%,96.90%,96.60%,97.40%,96.90%,98.30%,97.60%,97.20%,95.50%
Victoria,88.40%,92.40%,92.90%,93.30%,93.20%,93.50%,93.50%,92.60%,92.40%,96.80%,96.40%,96.70%,96.20%
TOTAL ALL LINES,95.20%,95.30%,95.20%,94.40%,94.20%,94.70%,95.30%,96.10%,96.70%,98.30%,96.50%,96.40%,95.90%
Escalator Availability,2006/07,,,,,,,,,,,,
Bakerloo,99.10%,98.20%,99.20%,99.40%,99.60%,99.90%,99.40%,97.70%,99.50%,99.60%,97.90%,94.30%,94.50%
Central,96.40%,95.50%,97.60%,97.40%,97.10%,96.20%,99.00%,99.30%,98.60%,96.60%,97.20%,97.80%,97.30%
Waterloo & City,0.00%,0.00%,0.00%,0.00%,0.00%,0.00%,0.00%,0.00%,0.00%,0.00%,0.00%,0.00%,0.00%
Circle & Ham,96.00%,94.80%,93.70%,92.70%,94.30%,96.80%,96.60%,96.40%,96.40%,99.10%,98.70%,99.50%,98.00%
District,97.90%,100.00%,98.60%,99.90%,99.40%,100.00%,96.10%,91.60%,91.70%,91.20%,92.40%,91.70%,90.50%
Jubilee,96.80%,96.30%,95.70%,95.60%,95.90%,96.40%,94.40%,94.80%,95.10%,95.40%,94.10%,94.40%,96.20%
Metropolitan,100.00%,99.90%,99.40%,96.90%,86.40%,99.90%,99.70%,100.00%,100.00%,99.90%,100.00%,100.00%,99.90%
Northern,96.20%,96.40%,95.20%,94.90%,95.10%,95.80%,98.10%,96.70%,94.90%,97.10%,95.60%,95.40%,95.00%
Piccadilly,95.00%,94.50%,93.50%,93.80%,95.40%,96.50%,96.20%,96.60%,96.80%,97.00%,97.10%,96.40%,97.10%
Victoria,96.10%,96.10%,96.50%,96.40%,98.60%,99.60%,97.20%,96.30%,95.60%,98.70%,99.40%,98.00%,99.50%
TOTAL ALL LINES,96.70%,96.20%,96.00%,95.90%,96.30%,97.10%,96.70%,96.40%,96.30%,96.90%,96.30%,95.90%,96.50%
Escalator Availability,2007/08,,,,,,,,,,,,
Bakerloo,94.30%,94.40%,94.50%,94.70%,94.40%,94.50%,94.10%,94.80%,98.00%,99.60%,97.80%,94.60%,94.60%
Central,96.20%,96.20%,96.10%,97.90%,97.80%,95.90%,97.00%,97.20%,95.70%,95.20%,95.90%,92.30%,94.30%
Waterloo & City,0.00%,0.00%,0.00%,0.00%,0.00%,0.00%,0.00%,0.00%,0.00%,0.00%,0.00%,0.00%,0.00%
Circle & Ham,96.40%,96.60%,96.00%,92.40%,99.30%,98.60%,97.50%,99.60%,99.90%,99.60%,98.00%,99.60%,97.60%
District,91.60%,91.60%,91.60%,91.10%,92.10%,91.30%,91.40%,91.60%,92.80%,99.60%,100.00%,99.70%,99.80%
Jubilee,96.50%,95.10%,94.80%,95.70%,95.80%,96.40%,95.60%,96.30%,95.30%,98.60%,96.60%,94.50%,95.20%
Metropolitan,99.90%,99.80%,99.70%,100.00%,99.30%,99.90%,99.90%,99.90%,99.90%,99.90%,100.00%,98.80%,100.00%
Northern,94.60%,95.50%,95.30%,94.90%,92.60%,91.30%,93.00%,92.70%,93.30%,95.80%,95.00%,96.20%,97.90%
Piccadilly,96.80%,95.50%,95.50%,92.70%,97.30%,98.60%,99.60%,98.00%,98.10%,97.60%,97.10%,93.20%,95.70%
Victoria,99.60%,99.80%,99.80%,96.80%,98.90%,96.50%,97.40%,98.00%,99.10%,99.70%,98.80%,97.20%,94.90%
TOTAL ALL LINES,96.20%,95.80%,95.60%,95.20%,96.20%,95.80%,96.00%,96.30%,96.30%,98.00%,96.90%,95.10%,95.80%
Escalator Availability,2008/09,,,,,,,,,,,,
Bakerloo,94.30%,94.50%,94.70%,96.90%,92.70%,91.10%,94.30%,95.70%,98.80%,99.80%,99.60%,96.40%,94.30%
Central,89.40%,88.00%,88.90%,88.70%,89.10%,89.70%,90.20%,92.80%,91.40%,89.40%,89.80%,89.20%,89.30%
Waterloo & City,0.00%,0.00%,0.00%,0.00%,0.00%,0.00%,0.00%,0.00%,0.00%,0.00%,0.00%,0.00%,0.00%
Circle & Ham,97.80%,99.10%,96.50%,96.60%,96.80%,95.60%,96.50%,96.30%,96.40%,95.20%,96.20%,97.50%,99.70%
District,100.00%,100.00%,99.20%,99.70%,99.90%,99.60%,99.90%,99.60%,100.00%,99.90%,99.90%,99.90%,99.90%
Jubilee,95.00%,94.80%,94.60%,95.10%,94.60%,93.50%,95.40%,98.00%,97.80%,98.20%,97.90%,98.10%,97.90%
Metropolitan,98.20%,99.30%,99.90%,100.00%,100.00%,100.00%,100.00%,99.90%,100.00%,98.70%,99.30%,99.50%,100.00%
Northern,97.60%,97.50%,98.60%,99.60%,99.80%,98.50%,98.60%,99.30%,98.90%,99.50%,99.60%,98.80%,99.50%
Piccadilly,96.90%,95.20%,93.00%,93.80%,94.70%,94.90%,96.30%,97.30%,95.40%,96.20%,93.90%,92.60%,96.40%
Victoria,98.10%,99.90%,98.80%,98.00%,99.80%,98.80%,97.70%,96.60%,97.50%,96.80%,96.80%,94.80%,94.40%
TOTAL ALL LINES,95.30%,95.20%,94.90%,95.30%,95.10%,94.40%,95.60%,97.00%,96.80%,96.70%,96.50%,95.90%,96.30%
Escalator Availability,2009/10,,,,,,,,,,,,
Bakerloo,97.20%,96.60%,97.20%,97.40%,98.50%,94.70%,90.80%,93.40%,94.70%,96.80%,97.20%,94.50%,93.40%
Central,89.20%,91.00%,91.40%,91.30%,87.90%,88.30%,95.90%,94.80%,92.40%,94.80%,96.60%,95.10%,96.40%
Waterloo & City,0.00%,0.00%,0.00%,0.00%,0.00%,0.00%,0.00%,0.00%,0.00%,0.00%,0.00%,0.00%,0.00%
Circle & Ham,99.70%,97.10%,96.20%,93.70%,95.00%,96.40%,94.00%,94.90%,94.90%,98.20%,94.30%,98.80%,95.00%
District,99.90%,100.00%,100.00%,99.90%,97.10%,99.90%,93.50%,91.40%,92.90%,99.40%,99.70%,96.80%,96.10%
Jubilee,98.20%,97.80%,97.50%,98.00%,97.80%,97.70%,97.80%,96.50%,95.70%,97.10%,97.30%,95.60%,95.20%
Metropolitan,100.00%,99.60%,99.90%,99.80%,99.90%,99.90%,100.00%,100.00%,99.70%,99.90%,100.00%,99.60%,99.60%
Northern,98.90%,98.40%,97.40%,97.20%,95.30%,95.70%,96.00%,98.00%,98.80%,99.60%,99.70%,99.70%,99.50%
Piccadilly,97.80%,94.60%,93.80%,91.40%,92.40%,95.40%,93.70%,94.60%,93.80%,95.50%,96.90%,92.50%,91.80%
Victoria,91.30%,89.60%,91.40%,93.70%,93.80%,95.10%,97.10%,99.40%,99.80%,98.80%,97.20%,98.70%,99.70%
TOTAL ALL LINES,96.50%,95.80%,95.70%,95.60%,95.00%,95.30%,95.80%,96.00%,95.60%,97.30%,97.20%,96.30%,95.80%
Escalator Availability,2010/11,,,,,,,,,,,,
Bakerloo,90.70%,86.10%,86.60%,84.90%,86.80%,89.40%,89.30%,89.30%,89.50%,91.60%,92.00%,92.00%,92.00%
Central,94.80%,95.40%,94.50%,95.60%,95.80%,95.70%,95.20%,94.10%,97.40%,96.30%,95.40%,94.60%,92.70%
Waterloo & City,0.00%,0.00%,0.00%,0.00%,0.00%,0.00%,0.00%,0.00%,0.00%,0.00%,0.00%,0.00%,0.00%
Circle & Ham,94.50%,98.90%,99.40%,98.50%,98.00%,99.70%,99.50%,97.40%,97.50%,97.20%,96.90%,98.90%,97.50%
District,91.30%,91.40%,91.20%,94.80%,97.20%,92.80%,99.40%,99.60%,99.60%,99.80%,99.80%,99.90%,99.70%
Jubilee,95.20%,95.60%,96.50%,97.20%,95.90%,95.80%,96.00%,96.40%,96.60%,97.70%,97.40%,97.50%,97.50%
Metropolitan,99.90%,99.50%,99.80%,99.70%,99.80%,100.00%,100.00%,99.80%,99.90%,97.70%,99.50%,100.00%,100.00%
Northern,99.70%,99.00%,99.60%,98.20%,97.20%,97.50%,98.10%,97.60%,98.40%,98.60%,97.30%,97.00%,98.40%
Piccadilly,91.40%,89.00%,90.10%,90.90%,92.00%,91.40%,91.30%,94.80%,95.30%,98.10%,95.00%,93.80%,94.10%
Victoria,98.60%,96.60%,96.10%,96.80%,96.60%,96.90%,97.10%,96.90%,96.70%,95.70%,95.90%,94.70%,96.70%
TOTAL ALL LINES,95.10%,94.90%,95.20%,95.40%,95.20%,95.40%,95.70%,95.70%,96.40%,96.90%,96.30%,96.20%,96.10%
Escalator Availability,2011/12,,,,,,,,,,,,
Bakerloo,88.60%,86.70%,86.70%,94.60%,94.50%,91.90%,93.40%,93.50%,94.60%,94.40%,92.00%,91.40%,93.00%
Central,93.80%,94.70%,91.90%,90.20%,90.90%,93.70%,94.70%,94.50%,94.10%,95.70%,94.10%,93.00%,93.90%
Waterloo & City,0.00%,0.00%,0.00%,0.00%,0.00%,0.00%,0.00%,0.00%,0.00%,0.00%,0.00%,0.00%,0.00%
Circle & Ham,96.80%,97.50%,97.30%,98.20%,97.50%,97.50%,96.60%,99.00%,99.80%,99.70%,98.00%,97.40%,96.60%
District,99.80%,100.00%,99.90%,99.80%,92.50%,94.80%,99.00%,99.20%,99.00%,96.70%,95.80%,100.00%,99.50%
Jubilee,96.70%,96.80%,97.30%,97.30%,96.70%,96.10%,97.40%,96.00%,95.80%,96.20%,95.90%,94.50%,96.30%
Metropolitan,100.00%,99.70%,100.00%,100.00%,99.80%,99.20%,100.00%,99.00%,99.90%,100.00%,100.00%,100.00%,83.30%
Northern,97.30%,96.60%,97.40%,96.30%,97.20%,98.80%,96.10%,96.80%,96.50%,97.80%,99.20%,98.50%,96.60%
Piccadilly,94.30%,97.90%,96.90%,94.70%,93.00%,94.70%,95.60%,96.60%,97.40%,96.10%,94.60%,97.00%,94.60%
Victoria,96.80%,96.70%,96.70%,96.80%,96.50%,96.70%,96.90%,97.50%,96.90%,96.70%,96.70%,97.90%,99.70%
TOTAL ALL LINES,95.50%,95.90%,95.60%,95.80%,95.30%,95.80%,96.30%,96.30%,96.30%,96.60%,95.90%,95.60%,95.80%
Escalator Availability,2012/13,,,,,,,,,,,,
Bakerloo,95.70%,99.40%,99.80%,99.80%,99.90%,99.90%,98.60%,99.90%,99.80%,97.80%,97.80%,99.80%,99.90%
Central,93.80%,90.40%,95.80%,97.70%,99.80%,99.50%,99.60%,99.60%,99.20%,99.50%,99.40%,99.30%,99.40%
Waterloo & City,0.00%,0.00%,0.00%,0.00%,0.00%,0.00%,0.00%,0.00%,0.00%,0.00%,0.00%,0.00%,0.00%
Circle & Ham,97.70%,97.40%,99.50%,99.80%,99.60%,99.80%,99.10%,99.00%,97.80%,99.50%,99.40%,99.90%,97.80%
District,98.90%,99.90%,99.60%,99.40%,99.70%,99.10%,96.90%,99.90%,99.60%,99.30%,99.50%,100.00%,99.90%
Jubilee,96.70%,96.90%,96.40%,98.30%,99.60%,99.70%,96.20%,95.90%,95.20%,96.40%,97.30%,96.30%,96.70%
Metropolitan,82.20%,88.70%,99.30%,98.80%,100.00%,97.70%,100.00%,83.30%,65.80%,66.10%,66.70%,81.00%,99.90%
Northern,97.20%,97.50%,98.30%,99.10%,99.70%,99.80%,98.40%,95.50%,95.80%,96.00%,94.50%,96.50%,96.80%
Piccadilly,95.10%,95.60%,98.70%,98.30%,99.60%,99.90%,97.40%,97.20%,95.90%,97.10%,97.50%,97.00%,95.40%
Victoria,98.20%,96.50%,99.90%,99.80%,99.70%,99.90%,98.80%,96.80%,96.80%,96.90%,96.80%,96.80%,94.90%
TOTAL ALL LINES,96.20%,96.20%,97.80%,98.80%,99.70%,99.70%,97.90%,97.20%,96.40%,97.00%,97.10%,97.50%,97.40%
Escalator Availability,2013/14,,,,,,,,,,,,
Bakerloo,99.60%,99.90%,100.00%,99.80%,99.90%,99.60%,99.90%,98.50%,97.10%,97.10%,97.30%,97.30%,97.20%
Central,98.10%,96.20%,96.40%,95.90%,96.40%,95.60%,95.30%,95.90%,96.20%,99.40%,93.30%,94.10%,94.80%
Waterloo & City,0.00%,0.00%,0.00%,0.00%,0.00%,0.00%,0.00%,0.00%,0.00%,0.00%,0.00%,0.00%,0.00%
Circle & Ham,98.80%,99.70%,99.80%,98.60%,99.50%,97.40%,98.80%,98.40%,97.50%,98.50%,98.60%,96.60%,97.40%
District,99.70%,98.60%,93.40%,93.50%,99.60%,99.10%,95.70%,98.40%,98.80%,99.90%,76.80%,75.00%,75.00%
Jubilee,95.20%,96.00%,96.50%,98.40%,97.60%,98.90%,97.90%,99.50%,97.70%,97.60%,96.90%,95.80%,96.80%
Metropolitan,100.00%,99.90%,99.70%,100.00%,100.00%,99.90%,100.00%,100.00%,99.40%,100.00%,99.80%,100.00%,99.90%
Northern,97.30%,97.80%,98.60%,97.60%,97.40%,98.00%,97.20%,98.70%,95.80%,97.10%,97.90%,98.40%,98.30%
Piccadilly,97.00%,97.60%,98.10%,99.50%,99.50%,99.70%,95.30%,98.50%,97.40%,97.50%,97.30%,97.40%,97.30%
Victoria,95.20%,93.60%,93.50%,94.10%,93.90%,93.90%,93.70%,94.90%,96.80%,96.80%,96.10%,96.90%,97.00%
TOTAL ALL LINES,97.10%,97.10%,97.30%,97.70%,97.80%,97.90%,97.10%,98.20%,97.10%,97.90%,96.00%,95.60%,96.10%
Escalator Availability,2014/15,,,,,,,,,,,,
Bakerloo,97.30%,97.30%,99.70%,99.90%,99.80%,99.60%,99.80%,99.80%,99.70%,99.60%,99.90%,99.80%,99.90%
Central,99.60%,99.00%,99.30%,94.70%,94.50%,89.50%,89.30%,89.40%,89.40%,99.80%,98.50%,99.40%,99.50%
Waterloo & City,0.00%,0.00%,0.00%,0.00%,0.00%,0.00%,0.00%,0.00%,0.00%,0.00%,0.00%,0.00%,0.00%
Circle & Ham,99.80%,99.70%,99.60%,97.50%,96.80%,99.80%,99.70%,97.40%,90.30%,90.40%,90.60%,90.60%,90.30%
District,77.70%,77.80%,77.80%,77.70%,77.60%,77.60%,77.70%,99.20%,99.80%,99.90%,99.80%,99.90%,99.70%
Jubilee,96.80%,96.40%,97.10%,96.90%,97.30%,97.60%,96.90%,97.10%,97.90%,98.00%,97.30%,97.50%,96.80%
Metropolitan,96.00%,100.00%,99.90%,99.80%,98.30%,99.80%,99.30%,100.00%,98.60%,99.70%,95.00%,99.90%,100.00%
Northern,98.20%,97.80%,96.30%,96.30%,96.20%,99.60%,96.60%,97.20%,96.40%,98.10%,96.60%,97.80%,96.90%
Piccadilly,96.50%,96.30%,96.80%,97.90%,97.10%,96.10%,94.50%,94.70%,95.60%,96.40%,97.20%,97.10%,97.00%
Victoria,96.10%,96.70%,96.80%,99.90%,99.80%,99.70%,99.70%,99.70%,99.80%,96.50%,93.80%,93.70%,93.80%
TOTAL ALL LINES,96.90%,96.70%,96.90%,96.40%,96.30%,96.40%,95.60%,96.50%,96.00%,97.50%,96.70%,97.10%,96.80%
Escalator Availability,2015/16,,,,,,,,,,,,
Bakerloo,99.80%,99.50%,99.80%,99.90%,99.90%,99.90%,99.70%,99.80%,99.00%,99.60%,100.00%,99.90%,99.80%
Central,99.40%,99.50%,97.80%,99.60%,99.70%,98.90%,99.20%,99.70%,99.70%,99.60%,98.50%,99.60%,99.90%
Waterloo & City,0.00%,0.00%,0.00%,0.00%,0.00%,0.00%,0.00%,0.00%,0.00%,0.00%,0.00%,0.00%,0.00%
Circle & Ham,90.20%,90.60%,90.30%,97.30%,93.50%,93.70%,95.10%,97.10%,94.80%,97.50%,97.30%,99.60%,99.80%
District,99.90%,99.90%,100.00%,99.90%,97.90%,99.60%,99.70%,99.30%,99.90%,99.90%,100.00%,99.50%,98.80%
Jubilee,97.20%,97.10%,97.00%,96.50%,97.50%,97.20%,97.20%,97.20%,95.70%,96.40%,96.70%,96.70%,96.80%
Metropolitan,99.90%,99.80%,100.00%,100.00%,99.80%,99.90%,100.00%,100.00%,99.90%,99.90%,99.90%,99.60%,99.20%
Northern,96.40%,95.40%,96.70%,97.50%,97.90%,97.90%,97.50%,97.30%,98.20%,97.90%,98.30%,99.20%,99.80%
Piccadilly,95.40%,97.20%,97.00%,97.90%,97.50%,99.40%,98.70%,99.60%,98.60%,98.80%,98.40%,97.90%,99.50%
Victoria,93.80%,96.50%,96.70%,96.80%,99.60%,93.90%,96.40%,96.50%,96.90%,96.80%,96.70%,96.80%,99.90%
TOTAL ALL LINES,96.60%,96.90%,96.80%,97.80%,97.90%,97.50%,97.70%,98.10%,97.40%,97.90%,97.90%,98.30%,98.80%
Escalator Availability,2016/17,,,,,,,,,,,,
Bakerloo,99.90%,99.90%,99.80%,99.70%,99.30%,99.30%,99.80%,99.50%,99.50%,99.80%,98.80%,99.60%,97.10%
Central,98.10%,97.20%,98.80%,99.60%,98.10%,96.40%,94.40%,94.60%,94.80%,96.30%,94.20%,94.80%,94.30%
Waterloo & City,0.00%,0.00%,0.00%,0.00%,0.00%,0.00%,0.00%,0.00%,0.00%,0.00%,0.00%,0.00%,0.00%
Circle & Ham,95.00%,95.10%,94.50%,95.00%,97.30%,99.50%,99.60%,99.50%,97.40%,99.70%,99.10%,97.50%,97.40%
District,99.00%,99.90%,99.80%,100.00%,99.90%,99.80%,100.00%,99.70%,99.60%,99.80%,99.80%,100.00%,100.00%
Jubilee,96.80%,96.70%,96.70%,96.90%,97.60%,97.50%,97.30%,97.00%,97.00%,97.00%,96.30%,97.30%,98.00%
Metropolitan,99.90%,100.00%,99.20%,100.00%,100.00%,99.70%,99.80%,100.00%,100.00%,99.80%,100.00%,100.00%,83.30%
Northern,98.80%,98.20%,97.90%,97.90%,99.70%,99.70%,99.70%,99.60%,98.80%,98.30%,96.70%,96.70%,96.70%
Piccadilly,96.70%,95.00%,93.70%,95.30%,96.60%,98.80%,97.40%,97.10%,98.60%,99.70%,99.80%,99.80%,99.30%
Victoria,99.60%,99.80%,99.80%,99.80%,99.50%,99.70%,99.60%,99.80%,99.40%,99.70%,96.40%,99.90%,99.40%
TOTAL ALL LINES,97.70%,97.40%,97.40%,97.70%,98.30%,98.40%,98.00%,97.90%,97.70%,98.20%,97.10%,97.70%,97.30%
Escalator Availability,2017/18,,,,,,,,,,,,
Bakerloo,99.90%,99.50%,98.30%,99.60%,99.70%,96.20%,97.20%,96.60%,97.20%,96.80%,96.90%,97.00%,97.10%
Central,94.90%,94.60%,95.90%,95.60%,94.30%,96.50%,96.60%,96.50%,98.10%,97.50%,98.10%,96.40%,99.50%
Waterloo & City,0.00%,0.00%,0.00%,0.00%,0.00%,0.00%,0.00%,0.00%,0.00%,0.00%,0.00%,0.00%,0.00%
Circle & Ham,97.20%,99.80%,96.80%,99.50%,98.30%,99.90%,99.60%,99.30%,99.80%,99.40%,94.60%,97.30%,97.50%
District,99.90%,99.90%,99.90%,99.80%,99.90%,100.00%,99.70%,100.00%,99.90%,99.90%,99.80%,99.90%,100.00%
Jubilee,98.00%,97.30%,96.50%,96.70%,97.70%,97.10%,96.70%,96.70%,96.60%,97.70%,97.30%,97.50%,97.30%
Metropolitan,83.20%,100.00%,100.00%,100.00%,99.80%,99.40%,99.90%,100.00%,99.70%,99.50%,99.90%,99.50%,99.90%
Northern,97.00%,96.70%,96.20%,95.50%,96.70%,97.90%,99.50%,97.20%,98.00%,99.10%,96.90%,96.60%,96.70%
Piccadilly,98.30%,99.30%,96.20%,96.40%,96.80%,97.50%,97.20%,97.70%,99.70%,99.80%,99.60%,99.90%,99.30%
Victoria,99.40%,96.90%,99.60%,97.20%,99.90%,99.90%,99.70%,99.50%,99.70%,99.60%,99.80%,99.70%,99.80%
TOTAL ALL LINES,97.50%,97.60%,97.00%,97.10%,97.50%,97.70%,97.90%,97.50%,98.10%,98.40%,97.60%,97.70%,98.00%
Escalator Availability,2018/19,,,,,,,,,,,,
Bakerloo,96.80%,97.00%,95.90%,97.10%,98.10%,98.20%,99.20%,95.50%,95.20%,99.70%,98.80%,99.80%,99.80%
Central,99.30%,99.80%,98.10%,97.30%,96.80%,97.80%,98.00%,96.50%,96.00%,97.10%,98.10%,98.30%,98.30%
Waterloo & City,0.00%,0.00%,0.00%,0.00%,0.00%,0.00%,0.00%,0.00%,0.00%,0.00%,0.00%,0.00%,0.00%
Circle & Ham,97.40%,97.40%,99.60%,93.40%,95.20%,93.60%,97.10%,96.90%,95.50%,94.80%,95.60%,97.20%,99.50%
District,100.00%,99.90%,99.10%,99.70%,99.60%,99.60%,99.80%,100.00%,99.90%,99.70%,99.80%,99.90%,99.70%
Jubilee,96.60%,96.60%,96.10%,96.20%,96.10%,96.10%,95.90%,97.60%,97.40%,97.70%,97.40%,97.50%,97.40%
Metropolitan,98.90%,99.90%,99.10%,97.90%,95.50%,95.70%,97.00%,96.50%,96.30%,99.70%,99.80%,99.20%,99.60%
Northern,98.20%,98.30%,96.40%,97.50%,98.80%,98.20%,97.10%,94.90%,96.90%,99.00%,97.60%,98.00%,98.10%
Piccadilly,99.80%,99.80%,99.70%,99.70%,98.40%,97.10%,97.40%,98.50%,98.70%,96.00%,97.20%,95.00%,94.90%
Victoria,99.70%,99.30%,99.30%,99.90%,99.70%,99.80%,99.90%,99.70%,99.80%,99.70%,99.20%,98.20%,97.20%
TOTAL ALL LINES,98.00%,98.10%,97.50%,97.10%,97.30%,97.10%,97.40%,97.10%,97.10%,97.80%,97.70%,97.80%,97.90%
Escalator Availability,2019/20,,,,,,,,,,,,
Bakerloo,99.70%,,,,,,,,,,,,
Central,98.70%,,,,,,,,,,,,
Waterloo & City,0.00%,,,,,,,,,,,,
Circle & Ham,95.90%,,,,,,,,,,,,
District,99.90%,,,,,,,,,,,,
Jubilee,97.30%,,,,,,,,,,,,
Metropolitan,99.70%,,,,,,,,,,,,
Northern,96.40%,,,,,,,,,,,,
Piccadilly,95.20%,,,,,,,,,,,,
Victoria,96.40%,,,,,,,,,,,,
TOTAL ALL LINES,97.30%,,,,,,,,,,,,
