Excess Journey Time,,,,,,,,,,,,,
Excess Journey Time,2004/05,2005/06,2006/07,2007/08,2008/09,2009/10,2010/11,2011/12,2012/13,2013/14,2014/15,2015/16,2016/17
Bakerloo,,,,,,,5.56,4.07,4.16,3.52,3.65,3.68,3.58
Central,,,,,,,6.01,5.74,4.78,4.78,4.31,4.4,4.46
Waterloo & City,,,,,,,2.19,1.78,1.79,2.04,2.06,2.07,2.19
Circle & Ham,,,,,,,5.67,4.58,4.85,5.44,4.89,5.69,5.13
District,,,,,,,5.06,4.41,4.27,4.15,4.06,4.19,4.33
Jubilee,,,,,,,6.94,4.26,3.67,3.62,2.85,3.12,2.72
Metropolitan,,,,,,,6.25,4.7,4.41,4.38,3.2,4.1,6.33
Northern,,,,,,,4.07,3.6,3.58,3.68,3.28,2.83,2.46
Piccadilly,,,,,,,5.26,4.82,4.21,4,3.94,4.12,4.44
Victoria,,,,,,,5.61,4.53,3.71,3.8,3.19,3,3.02
TOTAL ALL LINES,7.11,7.3,7.91,7.74,6.66,6.37,6.52,5.83,5.27,5.21,4.63,4.58,4.7
,1,2,3,4,5,6,7,8,9,10,11,12,13
Excess Journey Time,2003/04,,,,,,,,,,,,
Bakerloo,Data by line not available,,,,,,,,,,,,
Central,,,,,,,,,,,,,
Waterloo & City,,,,,,,,,,,,,
Circle & Ham,,,,,,,,,,,,,
District,,,,,,,,,,,,,
Jubilee,,,,,,,,,,,,,
Metropolitan,,,,,,,,,,,,,
Northern,,,,,,,,,,,,,
Piccadilly,,,,,,,,,,,,,
Victoria,,,,,,,,,,,,,
TOTAL ALL LINES,7.15,6.77,6.97,6.74,7.07,6.79,7.11,10.62,7.57,7.69,6.72,6.82,7.77
Excess Journey Time,2004/05,,,,,,,,,,,,
Bakerloo,Data by line not available,,,,,,,,,,,,
Central,,,,,,,,,,,,,
Waterloo & City,,,,,,,,,,,,,
Circle & Ham,,,,,,,,,,,,,
District,,,,,,,,,,,,,
Jubilee,,,,,,,,,,,,,
Metropolitan,,,,,,,,,,,,,
Northern,,,,,,,,,,,,,
Piccadilly,,,,,,,,,,,,,
Victoria,,,,,,,,,,,,,
TOTAL ALL LINES,6.92,6.72,6.71,8.23,7.13,6.15,6.92,7.84,7.7,6.29,6.83,8.02,6.91
Excess Journey Time,2005/06,,,,,,,,,,,,
Bakerloo,Data by line not available,,,,,,,,,,,,
Central,,,,,,,,,,,,,
Waterloo & City,,,,,,,,,,,,,
Circle & Ham,,,,,,,,,,,,,
District,,,,,,,,,,,,,
Jubilee,,,,,,,,,,,,,
Metropolitan,,,,,,,,,,,,,
Northern,,,,,,,,,,,,,
Piccadilly,,,,,,,,,,,,,
Victoria,,,,,,,,,,,,,
TOTAL ALL LINES,6.45,6.41,6.58,11.1,7.48,6.35,7.53,7.25,7.84,6.33,7.3,7.27,7.07
Excess Journey Time,2006/07,,,,,,,,,,,,
Bakerloo,Data by line not available,,,,,,,,,,,,
Central,,,,,,,,,,,,,
Waterloo & City,,,,,,,,,,,,,
Circle & Ham,,,,,,,,,,,,,
District,,,,,,,,,,,,,
Jubilee,,,,,,,,,,,,,
Metropolitan,,,,,,,,,,,,,
Northern,,,,,,,,,,,,,
Piccadilly,,,,,,,,,,,,,
Victoria,,,,,,,,,,,,,
TOTAL ALL LINES,7,7.86,7.62,8.88,7.43,6.85,7.82,8.5,9.83,6.55,8.29,8.47,7.75
Excess Journey Time,2007/08,,,,,,,,,,,,
Bakerloo,Data by line not available,,,,,,,,,,,,
Central,,,,,,,,,,,,,
Waterloo & City,,,,,,,,,,,,,
Circle & Ham,,,,,,,,,,,,,
District,,,,,,,,,,,,,
Jubilee,,,,,,,,,,,,,
Metropolitan,,,,,,,,,,,,,
Northern,,,,,,,,,,,,,
Piccadilly,,,,,,,,,,,,,
Victoria,,,,,,,,,,,,,
TOTAL ALL LINES,7.32,6.9,7.57,8.12,7.47,8.09,8.04,8.31,8.79,6.86,8.14,7.76,7.3
Excess Journey Time,2008/09,,,,,,,,,,,,
Bakerloo,Data by line not available,,,,,,,,,,,,
Central,,,,,,,,,,,,,
Waterloo & City,,,,,,,,,,,,,
Circle & Ham,,,,,,,,,,,,,
District,,,,,,,,,,,,,
Jubilee,,,,,,,,,,,,,
Metropolitan,,,,,,,,,,,,,
Northern,,,,,,,,,,,,,
Piccadilly,,,,,,,,,,,,,
Victoria,,,,,,,,,,,,,
TOTAL ALL LINES,6.36,6.44,6.58,6.82,6.68,5.85,6.86,7.35,7.14,5.35,6.37,8.18,6.58
Excess Journey Time,2009/10,,,,,,,,,,,,
Bakerloo,Data by line not available,,,,,,,,,,,,
Central,,,,,,,,,,,,,
Waterloo & City,,,,,,,,,,,,,
Circle & Ham,,,,,,,,,,,,,
District,,,,,,,,,,,,,
Jubilee,,,,,,,,,,,,,
Metropolitan,,,,,,,,,,,,,
Northern,,,,,,,,,,,,,
Piccadilly,,,,,,,,,,,,,
Victoria,,,,,,,,,,,,,
TOTAL ALL LINES,6.29,6,7.83,6.29,6.14,5.86,6.52,6.74,7.2,5.47,6.26,6.26,5.98
Excess Journey Time,2010/11,,,,,,,,,,,,
Bakerloo,4.1,5.15,5.32,5.36,5.03,5.46,6.04,6.27,6.99,6.05,5.22,5.86,5.47
Central,4.25,4.68,4.83,4.91,4.08,8.56,9,7.4,8.45,5.18,5.56,5.76,5.39
Waterloo & City,2.07,1.92,2.6,2.09,1.52,2.79,1.32,2.97,4.29,1.52,1.34,2.48,1.59
Circle & Ham,4.91,3.8,4.81,7.32,4.57,6.96,7.04,7.14,7.23,5.11,5.28,4.27,5.31
District,5.65,5.28,5.46,5.55,3.81,5.15,5.28,4.77,4.39,5.55,5.65,4.72,4.57
Jubilee,4.4,4.44,4.67,7.7,5.11,10.78,8.82,12.72,6.91,9.11,6.15,4.81,4.6
Metropolitan,5.2,4.23,5.89,6.84,5.29,6.34,7.16,7.74,7.27,7.5,7.56,5.6,4.68
Northern,3.24,4.03,3.91,3.53,4.25,3.38,4.69,5.04,5.23,3.42,4.13,4.34,3.75
Piccadilly,3.61,4.66,4.93,4.26,4.22,5.78,6.77,8.05,6.97,5.64,4.08,5.29,4.08
Victoria,5.2,6.02,4.2,6.3,5,6.26,6.55,6.18,6.51,4.73,5.39,5.34,5.21
TOTAL ALL LINES,5.2,5.53,5.7,6.51,5.3,7.41,7.92,8.43,7.92,6.67,6.41,6.17,5.61
Excess Journey Time,2011/12,,,,,,,,,,,,
Bakerloo,5.46,5.48,3.88,4.49,3.69,3.74,4.08,4.35,4.13,3.74,3.31,3.45,3.17
Central,4.92,4.98,5.54,5.88,5.44,5.86,7.07,6.1,6.07,5.17,5.68,6.41,5.5
Waterloo & City,1.2,1.36,2.99,2.02,1.24,1.41,1.5,1.64,1.7,1.31,2.67,2.3,1.81
Circle & Ham,3.89,4.08,4.68,5.02,3.34,4.44,4.88,4.57,3.95,4.36,5.22,5.74,5.34
District,5.27,4.51,4.54,4.46,3.97,4.06,5.4,4.36,3.67,4.15,4.31,4.96,3.7
Jubilee,5.18,4.09,3.2,4.15,3.73,5.28,3.72,3.98,4.03,3.74,3.87,6.16,4.31
Metropolitan,3.18,3.95,4.7,5.56,4.2,4.73,4.64,4.98,4.68,3.94,5.54,6.09,4.98
Northern,3.28,3.82,3.78,3.73,3.09,2.95,3.52,3.92,3.56,2.85,3.69,4.12,4.43
Piccadilly,4.32,4.88,4.44,5.76,5.01,4.18,5.06,4.97,4.73,4.78,4.39,5.38,4.75
Victoria,4.03,5.18,4.94,4.53,3.94,3.85,5,5.23,5.05,4.03,4.43,4.33,4.41
TOTAL ALL LINES,5.9,5.9,5.79,6.22,5.32,5.58,6.29,6.08,5.69,5.07,5.59,6.59,5.81
Excess Journey Time,2012/13,,,,,,,,,,,,
Bakerloo,3.76,3.2,3.19,3.82,3.69,3.05,3.76,4.19,3.41,3.83,6.35,6.63,5.24
Central,5.62,5.23,5.91,4.52,5.89,3.94,4.42,5.79,4.68,3.76,4.19,3.89,4.31
Waterloo & City,1.81,1.59,1.46,2.31,1.6,1.65,1.88,1.96,2.14,1.23,2.33,1.7,1.65
Circle & Ham,4.5,5.32,5.73,5.68,4.67,4.44,4.65,5.06,5.41,4.13,4.21,4.16,5.08
District,3.9,4.67,4.7,4.92,5.26,4.37,3.87,4.17,4.57,3.09,4.11,3.69,4.19
Jubilee,4.7,5.59,4.31,3.81,3.97,2.83,3.08,3.59,3.73,2.77,3.12,3.29,2.96
Metropolitan,5.15,5.46,4.89,4.33,3.51,3.33,3.93,5.01,5.18,3.96,4.83,3.71,3.97
Northern,3.63,3.72,3.41,3.55,3.24,2.59,3.65,4.59,4.17,2.68,4.24,3.58,3.46
Piccadilly,4.19,4.01,4.32,4.58,4.4,3.59,4.35,4.39,5.19,4.08,3.93,3.69,3.96
Victoria,3.43,4.43,3.05,3.95,3.55,2.87,3.69,3.72,3.71,3.59,4.57,3.61,3.99
TOTAL ALL LINES,5.36,5.88,5.49,5.5,5.28,4.24,5.2,5.77,5.62,4.29,5.55,4.98,5.35
Excess Journey Time,2013/14,,,,,,,,,,,,
Bakerloo,3.36,3.41,3.4,3.78,3.24,2.91,3.47,3.67,3.9,3.29,3.47,4.42,3.49
Central,4.8,4.26,4.01,5.5,4.09,3.6,5.15,5.14,4.88,3.59,4.99,7.05,5.1
Waterloo & City,1.56,2.24,2.41,1.79,0.84,1.6,1.53,1.5,1.72,1.24,1.81,6.03,2.26
Circle & Ham,4.5,4.73,5.13,5.33,4.77,4.39,6.01,6.72,6.27,4.87,5.27,7.09,5.66
District,4.21,4.05,4.15,4.68,3.6,3.17,4.1,4.87,4.34,3.16,4.02,5.17,4.41
Jubilee,2.56,2.75,3.68,3.48,3.16,2.98,3.47,4.57,4.27,2.65,3.1,7.23,3.19
Metropolitan,3.15,3.35,4.13,4.48,4.08,3.19,4.73,5.2,5.59,3.85,4.41,7.39,3.41
Northern,3.85,3.65,3.47,3.94,3.58,3.19,3.69,4.23,4.37,2.73,3.67,3.78,3.74
Piccadilly,4.97,3.18,3.37,4.04,3.44,2.84,4.04,4.54,4.65,4.31,3.84,5.68,3.14
Victoria,3.6,3.71,3.46,4.12,4.08,3.17,3.9,4.23,4.23,2.77,4.24,4.18,3.65
TOTAL ALL LINES,5.06,4.73,4.73,5.55,4.8,4.1,5.38,6.04,5.91,4.36,5.26,6.73,5.14
Excess Journey Time,2014/15,,,,,,,,,,,,
Bakerloo,3.07,4.27,3.4,3.48,4.09,3.22,3.97,3.61,4.21,3.56,3.52,3.43,3.62
Central,3.98,6.17,3.97,4.48,4.02,5.04,5.53,4.13,4,3.78,3.65,3.86,3.36
Waterloo & City,1.87,4.59,1.77,2.04,1.93,3.44,1.83,1.53,1.54,0.83,1.78,2.14,1.47
Circle & Ham,4.69,5.49,4.69,4.71,5.31,4.47,4.92,4.72,5.11,4.03,5.49,5.11,4.89
District,3.64,4.56,4.17,4.45,3.92,3.55,3.92,3.88,4.64,3.23,4.62,4.41,3.76
Jubilee,2.67,5.2,2.74,2.59,2.48,2.55,2.37,2.55,3.92,2.14,2.63,2.43,2.8
Metropolitan,2.67,5.59,2.67,2.99,2.87,2.69,3.27,3.47,3.2,3.04,3.46,2.73,2.95
Northern,2.8,3.35,3,3.89,3.36,3.47,4.1,3.77,4.06,2.43,3.08,2.42,2.88
Piccadilly,3.25,4.96,3.47,4.48,3.74,2.68,3.89,3.91,5.36,4.74,4.08,3.84,2.85
Victoria,3.05,3.36,2.78,3.45,2.64,2.95,3.02,3.24,3.5,3.26,3.42,3.35,3.46
TOTAL ALL LINES,4.27,5.62,4.37,4.85,4.4,4.37,4.96,4.65,5.37,4.19,4.69,4.34,4.12
Excess Journey Time,2015/16,,,,,,,,,,,,
Bakerloo,3.35,3.45,3.49,3.97,3.68,3.27,3.51,4.05,3.88,3.39,3.77,4.27,3.82
Central,4.15,3.28,3.73,5.8,5.91,4.14,5.04,4.68,4.45,3.37,4.51,4.22,3.91
Waterloo & City,1.41,1.66,1.37,4.31,3.7,1.9,2.58,1.75,1.91,0.89,2.26,1.63,1.51
Circle & Ham,5.03,4.46,5.06,7.46,6.92,4.74,5.44,5.51,6.04,4.74,6.1,6.58,5.89
District,4,3.47,4.83,5.28,5.11,4.28,4.2,4.06,4.34,2.88,3.93,4.33,3.71
Jubilee,4.51,2.44,2.39,5,5.42,2.57,3.02,2.5,2.58,1.64,3.31,2.79,2.32
Metropolitan,3.64,2.65,2.54,6.35,4.72,2.83,4,4.29,4.87,4.47,4.91,5.35,2.66
Northern,2.76,2.59,2.18,3.97,3.79,2.21,2.74,2.99,3.06,2.13,2.93,2.99,2.42
Piccadilly,3.51,2.82,3.14,5.16,4.08,3.53,3.89,4.39,5.44,4.14,4.14,4.34,4.92
Victoria,3.34,3.2,2.95,4.32,3.09,2.31,2.85,2.97,2.97,2.28,2.82,2.93,2.98
TOTAL ALL LINES,4.44,3.65,3.96,5.89,5.43,4.06,4.68,4.76,5,3.64,4.76,4.89,4.35
Excess Journey Time,2016/17,,,,,,,,,,,,
Bakerloo,3.41,3.06,3.59,3.19,3.26,3.5,3.81,3.82,4.05,3.14,4.48,3.56,3.7
Central,4.02,4.04,4.05,4.58,3.24,3.98,4.53,4.53,5.64,3.95,6.2,4.85,4.38
Waterloo & City,2.58,1.6,2.28,1.76,1.66,1.3,2.08,2.14,2.68,0.92,3.74,3.53,2.2
Circle & Ham,4.93,4.29,6.66,5.08,4.69,4.79,4.98,5.87,6.41,4.47,5.42,4.99,4.17
District,3.76,3.73,4.65,3.79,3.73,3.68,4.67,5.01,5.34,4.21,4.48,5.17,4.07
Jubilee,2.73,2.65,2.86,2.54,2.39,2.6,2.56,2.71,3.09,1.75,4.21,3.02,2.18
Metropolitan,4.99,5.74,6.31,6.97,5.31,5.76,6.07,6.22,6.52,5.58,8.16,7.63,7.02
Northern,2.25,2.79,2.08,2.23,3.04,2.13,2.35,2.32,3.55,1.79,2.71,2.57,2.14
Piccadilly,2.85,3.18,3.07,3.3,3.59,3.47,4.2,4.62,9.64,6.76,5.27,4.4,3.42
Victoria,2.56,2.91,2.65,3.3,2.38,2.66,2.92,3.01,3.54,2.65,4.67,2.86,3.1
TOTAL ALL LINES,4.04,4.2,4.44,4.39,4.04,4.13,4.69,4.99,6.56,4.54,5.75,5.01,4.36
Excess Journey Time,2017/18,,,,,,,,,,,,
Bakerloo,3.71,2.96,3.08,3.1,3.66,3.14,4.03,3.68,3.91,2.84,3.05,3.41,3.27
Central,3.35,3.75,3.86,4.01,3.76,3.28,4.23,4.23,5.6,3.9,4.25,5.09,4.42
Waterloo & City,1.91,2.08,2.16,1.7,1.38,1.46,2.08,1.85,1.83,1.24,2.06,2,1.6
Circle & Ham,3,4.05,3.41,4.46,3.57,3.55,4.05,4.77,5.12,3.79,4.36,4.58,4.24
District,3.55,3.79,4.25,4.07,3.79,3.74,4.39,4.85,5.08,3.8,4.55,4.84,4.62
Jubilee,2.74,2.09,2.5,2.55,2.33,2.07,2.51,2.5,2.95,2.07,2.35,3.02,3.24
Metropolitan,4.57,4.77,4.7,4.32,4.41,4.37,5.67,6,5.88,5.59,5.34,5.86,5.36
Northern,1.74,1.78,1.96,2.11,2.02,2.17,2.27,2.91,3.21,2.34,2.18,2.65,2.21
Piccadilly,3.73,4.1,4.69,4.92,3.44,4.07,5.73,4.95,5.11,4.22,4.09,5.48,4.15
Victoria,2.67,2.66,2.98,2.7,2.46,2.35,2.98,2.75,3.13,2.18,2.33,3.05,2.82
TOTAL ALL LINES,4.04,4.06,4.48,4.59,4.04,4.02,5.08,5.07,5.69,4.2,4.49,5.42,4.98
Excess Journey Time,2018/19,,,,,,,,,,,,
Bakerloo,3.1,3.39,3.6,3.41,3.21,3.1,3.78,3.56,3.35,2.7,3.21,3.68,3.36
Central,3.58,4.02,4.53,4.91,3.83,3.35,6.1,6.21,4.75,2.78,4.24,4.01,4.28
Waterloo & City,2.1,2.34,1.73,1.72,1.92,1.33,3.08,3.91,2.43,0.75,1.32,2,1.77
Circle & Ham,4.55,4.72,3.84,5.31,4.48,4.88,5.42,6.52,4.98,2.8,4.12,5.07,5.12
District,4.05,4.28,3.28,4.82,4.2,3.35,5.29,5.23,5.16,3.01,4.02,4.8,4.82
Jubilee,3.71,2.22,1.92,2.46,2.4,1.82,2.95,3.77,3.09,2.14,2.41,2.64,2.92
Metropolitan,5.12,6.7,5.47,5.81,5.19,4.09,6.01,6.22,7.02,3.16,4.37,4.71,4.7
Northern,2.55,2.54,2.17,1.83,1.53,1.37,2.09,2.66,2.64,1.18,2.51,2.59,2.49
Piccadilly,4.07,3.96,4.15,4.64,4.12,2.79,7.01,5.09,6.66,3.22,4.12,4.03,3.95
Victoria,2.26,2.5,3,2.44,2.2,2.2,3.22,3.69,3.36,1.82,2.82,3.25,3.52
TOTAL ALL LINES,4.41,4.43,4.25,4.75,4.06,3.42,5.62,5.83,5.66,3.04,4.37,4.69,4.8
Excess Journey Time,2019/20,,,,,,,,,,,,
Bakerloo,3.15,,,,,,,,,,,,
Central,4.25,,,,,,,,,,,,
Waterloo & City,1.49,,,,,,,,,,,,
Circle & Ham,4.9,,,,,,,,,,,,
District,5.29,,,,,,,,,,,,
Jubilee,2.47,,,,,,,,,,,,
Metropolitan,3.3,,,,,,,,,,,,
Northern,1.77,,,,,,,,,,,,
Piccadilly,4.01,,,,,,,,,,,,
Victoria,3.08,,,,,,,,,,,,
TOTAL ALL LINES,4.42,,,,,,,,,,,,
