Average Lost Customer Hours per period - all causes and all attribution parties [Network by Line],,,,,,,,,,,,,
Lost Customer Hours,2004/05,2005/06,2006/07,2007/08,2008/09,2009/10,2010/11,2011/12,2012/13,2013/14,2014/15,2015/16,2016/17
Bakerloo,"138,947","156,058","145,593","183,043","134,547","122,391","132,692","84,327","128,419","79,786","72,633","77,603","98,363"
Central,"496,082","485,757","479,671","625,915","378,720","417,906","438,268","321,259","303,719","339,225","410,197","442,162","426,400"
Waterloo & City,"18,935","29,434","5,843","16,666","17,313","16,859","17,622","8,836","7,228","12,831","12,290","11,809","12,605"
Circle + H&C,"273,311","626,193","354,001","437,866","388,706","314,117","267,328","149,762","146,285","194,924","165,919","203,759","233,986"
District,"369,788","637,731","472,908","510,653","391,038","271,056","362,412","232,091","229,788","197,556","222,224","254,144","208,111"
Jubilee,"600,094","608,316","484,972","581,938","567,377","464,464","640,937","538,108","347,611","338,750","292,024","312,132","223,664"
Metropolitan,"180,533","206,128","188,844","150,866","122,895","136,101","192,324","139,563","124,437","116,044","94,278","103,054","81,367"
Northern,"626,819","866,307","508,605","478,547","307,662","268,515","297,321","207,759","157,581","191,029","139,362","204,115","155,719"
Piccadilly,"446,001","880,805","486,127","435,581","273,543","275,521","323,690","243,172","156,745","189,575","205,068","282,150","420,445"
Victoria,"299,375","336,887","386,346","352,604","234,805","260,487","369,435","267,520","156,455","203,457","129,217","144,248","145,774"
NETWORK,"3,449,886","4,833,617","3,512,910","3,773,681","2,816,607","2,547,417","3,042,028","2,192,397","1,758,267","1,863,178","1,743,212","2,035,177","2,006,433"
,1,2,3,4,5,6,7,8,9,10,11,12,13
Lost Customer Hours,2003/04,,,,,,,,,,,,
Bakerloo,"167,804","213,857","157,497","153,850","174,547","132,044","121,454","169,523","108,624","122,480","140,823","251,540","261,219"
Central,"434,560","315,660","625,985","652,087","686,140","809,052","720,676","804,445","519,913","309,637","434,275","358,238","461,981"
Waterloo & City,"26,228","26,350","7,454","36,988","22,385","28,951","26,507","33,143","6,893","4,860","1,549","23,113","29,173"
Circle + H&C,"317,285","473,479","448,653","406,077","515,612","749,416","491,603","473,076","484,190","516,844","444,880","431,330","432,559"
District,"317,697","321,544","674,757","515,856","531,575","605,020","426,876","506,440","699,090","262,670","453,975","528,097","668,791"
Jubilee,"650,538","411,507","528,518","706,587","680,006","567,325","1,215,777","1,291,361","625,006","512,221","813,807","542,341","539,802"
Metropolitan,"193,990","213,628","231,212","254,585","221,847","238,354","190,357","235,670","387,762","291,763","205,352","255,963","208,970"
Northern,"363,754","617,522","411,152","545,812","522,267","520,738","572,087","1,016,043","399,043","239,185","491,238","519,870","529,770"
Piccadilly,"456,614","508,269","527,512","464,204","685,938","474,190","426,719","421,790","332,375","282,896","362,603","519,788","735,256"
Victoria,"329,386","323,467","246,599","391,819","407,560","378,386","275,397","543,315","560,237","249,423","393,697","305,485","423,469"
NETWORK,"3,257,855","3,425,283","3,859,340","4,127,866","4,447,877","4,503,476","4,467,453","5,494,806","4,123,132","2,791,979","3,742,198","3,735,764","4,290,991"
Lost Customer Hours,2004/05,,,,,,,,,,,,
Bakerloo,"146,187","149,264","149,038","148,419","220,477","129,880","141,432","129,768","123,314","102,778","121,988","144,763","99,001"
Central,"659,982","663,609","667,716","651,056","737,503","421,796","453,093","600,970","265,295","227,116","328,744","501,433","270,754"
Waterloo & City,"18,774","29,833","7,738","10,849","47,225","38,297","22,745","11,356","11,817","1,866","3,014","15,847","26,790"
Circle + H&C,"380,105","261,418","272,479","514,017","323,406","167,337","290,900","181,788","242,431","198,998","150,903","331,994","237,270"
District,"596,947","208,906","385,217","564,408","384,551","306,638","324,950","323,697","335,785","208,716","423,670","400,798","342,955"
Jubilee,"583,257","495,618","691,400","990,874","493,817","688,056","495,986","434,678","644,088","446,527","540,817","791,671","504,437"
Metropolitan,"152,684","169,351","187,437","287,594","355,980","161,368","120,446","192,571","115,474","124,940","168,735","176,741","133,608"
Northern,"449,292","726,638","416,836","1,069,372","620,367","368,308","555,401","537,748","470,289","422,099","556,559","1,002,520","953,224"
Piccadilly,"500,455","406,031","421,916","817,892","575,348","373,871","334,958","377,921","427,630","366,589","391,794","415,223","388,388"
Victoria,"356,446","231,689","308,201","356,272","331,044","237,292","243,551","386,047","302,920","280,210","242,570","299,500","316,136"
NETWORK,"3,844,130","3,342,358","3,507,979","5,410,752","4,089,718","2,892,844","2,983,461","3,176,544","2,939,043","2,379,839","2,928,793","4,080,491","3,272,562"
Lost Customer Hours,2005/06,,,,,,,,,,,,
Bakerloo,"164,423","112,434","116,815","279,336","230,873","136,331","84,097","145,059","128,180","147,222","168,371","186,122","129,491"
Central,"360,755","600,166","774,218","825,190","471,348","686,102","479,633","428,003","350,211","298,315","535,150","248,316","257,437"
Waterloo & City,"49,462","28,131","37,582","39,606","8,123","10,426","17,858","13,096","38,823","25,765","65,367","23,897","24,504"
Circle + H&C,"239,169","239,957","280,109","3,480,560","1,486,314","421,843","434,921","342,108","222,303","239,011","191,627","267,377","295,207"
District,"556,507","380,758","603,528","947,780","531,564","692,464","639,303","481,415","729,171","551,444","644,241","814,480","717,853"
Jubilee,"520,807","786,267","729,405","933,639","559,221","450,005","508,933","521,587","556,469","399,886","561,297","930,841","449,748"
Metropolitan,"105,757","199,898","220,921","446,237","258,039","147,368","185,731","159,820","198,367","155,941","179,650","203,755","218,175"
Northern,"599,784","1,029,877","332,047","1,265,143","800,250","696,756","2,694,927","999,250","684,274","571,148","775,942","406,383","406,215"
Piccadilly,"267,518","331,449","258,155","4,389,594","2,953,251","361,341","321,188","430,454","404,937","452,394","578,657","339,442","362,088"
Victoria,"275,101","316,091","267,948","625,411","411,024","450,834","183,507","296,824","391,698","306,779","401,928","185,024","267,364"
NETWORK,"3,139,284","4,025,029","3,620,728","13,232,497","7,710,007","4,053,470","5,550,098","3,817,617","3,704,433","3,147,906","4,102,229","3,605,636","3,128,082"
Lost Customer Hours,2006/07,,,,,,,,,,,,
Bakerloo,"169,921","137,403","131,815","200,798","134,430","137,397","125,967","148,049","131,129","98,065","184,486","145,055","148,199"
Central,"168,376","291,549","529,551","704,684","608,540","398,300","404,990","617,391","1,104,720","259,734","383,274","505,853","258,757"
Waterloo & City,0,0,0,0,0,344,"14,144","1,402","35,466","13,031","6,622",532,"4,419"
Circle + H&C,"371,002","251,740","274,202","277,146","447,329","330,184","377,827","291,303","313,926","411,459","458,583","435,106","362,203"
District,"602,356","411,707","530,560","590,307","388,781","349,035","466,141","428,371","553,918","319,102","592,283","462,322","452,924"
Jubilee,"323,183","506,448","426,941","512,440","441,042","532,436","335,142","681,862","352,437","266,946","372,764","967,510","585,482"
Metropolitan,"175,947","249,811","172,800","235,217","234,708","181,714","162,004","134,033","230,504","103,555","182,260","166,844","225,579"
Northern,"458,916","446,712","648,451","421,824","527,691","684,305","413,364","562,192","706,821","322,559","467,987","530,996","420,042"
Piccadilly,"337,528","263,880","369,848","543,163","528,735","520,117","450,910","471,886","666,809","354,123","572,605","911,047","329,000"
Victoria,"290,213","359,331","236,848","709,309","465,878","423,246","304,410","306,808","541,943","391,727","163,618","401,134","428,031"
NETWORK,"2,897,442","2,918,580","3,321,016","4,194,887","3,777,136","3,557,078","3,054,899","3,643,299","4,637,673","2,540,301","3,384,482","4,526,399","3,214,634"
Lost Customer Hours,2007/08,,,,,,,,,,,,
Bakerloo,"127,383","176,875","197,321","271,194","193,575","270,004","170,247","193,716","167,587","104,708","119,154","191,086","196,714"
Central,"616,111","729,454","475,197","1,161,231","396,916","1,480,135","386,960","582,298","495,694","562,087","443,403","493,683","313,728"
Waterloo & City,410,"3,373","11,575","3,111","3,438","83,902","29,996","10,693","30,741","7,620","10,852","11,917","9,031"
Circle + H&C,"311,119","246,196","333,358","375,146","673,330","889,311","475,650","360,320","465,228","422,353","355,016","375,151","410,083"
District,"429,699","687,734","429,478","449,497","351,950","946,577","348,605","443,328","409,701","404,513","612,700","716,118","408,594"
Jubilee,"553,011","599,295","539,943","433,725","631,968","526,343","674,983","622,859","492,456","473,511","684,906","730,498","601,702"
Metropolitan,"110,919","94,074","134,498","196,066","130,521","446,058","176,786","91,782","132,944","70,482","164,719","88,053","124,355"
Northern,"1,077,618","380,743","559,750","510,451","423,721","517,665","537,613","535,593","387,350","484,960","329,512","293,044","183,086"
Piccadilly,"371,541","334,735","334,940","501,689","438,242","648,408","462,308","411,633","530,875","381,574","414,586","411,759","420,267"
Victoria,"470,617","379,521","382,293","592,940","514,901","546,909","303,019","269,477","223,167","202,329","283,467","223,746","191,462"
NETWORK,"4,068,427","3,632,000","3,398,354","4,495,051","3,758,561","6,355,312","3,566,168","3,521,699","3,335,743","3,114,138","3,418,314","3,535,057","2,859,022"
Lost Customer Hours,2008/09,,,,,,,,,,,,
Bakerloo,"98,109","106,459","112,221","97,374","146,148","175,748","132,294","148,800","111,624","91,574","98,306","348,437","82,018"
Central,"465,279","392,897","303,385","461,977","363,837","258,217","431,987","392,710","335,647","252,688","286,770","571,003","406,965"
Waterloo & City,"8,007","30,070","3,708","8,661","17,619","8,828","10,987","27,957","29,764","1,661","6,539","43,171","28,091"
Circle + H&C,"330,465","391,468","443,486","461,221","472,429","424,704","361,335","416,707","352,391","382,546","321,616","444,508","250,301"
District,"297,621","364,713","536,961","356,480","326,031","363,787","448,956","465,503","454,671","241,269","194,832","784,839","247,837"
Jubilee,"519,845","466,370","485,971","726,345","471,739","359,479","348,072","592,196","697,220","317,961","513,837","1,083,879","792,989"
Metropolitan,"127,019","75,842","98,891","97,232","111,667","111,573","103,120","171,436","89,564","38,822","151,127","269,170","152,177"
Northern,"232,172","227,365","375,035","244,907","271,483","306,229","340,649","491,776","350,592","218,751","294,818","390,413","255,417"
Piccadilly,"265,858","198,222","281,417","257,462","381,903","271,104","235,162","198,551","319,478","202,838","254,624","467,627","221,811"
Victoria,"228,201","214,725","349,602","170,756","180,254","233,502","286,073","213,393","233,763","134,902","182,938","402,844","221,513"
NETWORK,"2,572,577","2,468,131","2,990,677","2,882,416","2,743,109","2,513,170","2,698,635","3,119,030","2,974,712","1,883,011","2,305,408","4,805,891","2,659,119"
Lost Customer Hours,2009/10,,,,,,,,,,,,
Bakerloo,"103,704","119,245","291,611","148,844","84,114","81,202","132,232","108,725","83,297","76,369","144,158","88,042","129,544"
Central,"418,108","419,684","1,140,658","269,231","211,752","649,187","170,949","287,388","358,343","494,027","276,061","456,188","281,202"
Waterloo & City,"39,777","18,860","51,525","9,747","12,053","7,572","15,933","25,085","4,174","6,338","14,327","8,612","5,172"
Circle + H&C,"288,186","197,513","407,140","340,714","350,826","268,193","293,621","228,504","309,556","315,605","286,781","402,987","393,889"
District,"225,479","164,935","562,554","338,116","272,262","166,751","219,486","175,164","299,835","365,295","323,776","178,683","231,390"
Jubilee,"743,851","397,788","725,553","369,058","430,356","340,707","420,085","529,138","395,686","483,038","404,233","378,283","420,261"
Metropolitan,"98,216","64,058","360,359","139,399","109,182","142,414","72,470","88,248","193,425","117,968","149,289","107,196","127,088"
Northern,"236,310","177,202","579,072","385,303","209,783","168,640","250,258","205,088","285,074","313,380","228,834","278,103","173,643"
Piccadilly,"267,032","194,561","807,083","255,461","248,692","222,450","160,309","227,702","264,362","324,580","251,488","167,058","190,992"
Victoria,"417,125","458,927","583,672","150,344","232,637","221,656","155,552","232,633","181,099","154,724","225,097","191,295","181,572"
NETWORK,"2,837,788","2,212,773","5,509,227","2,406,216","2,161,656","2,268,772","1,890,896","2,107,675","2,374,850","2,651,324","2,304,045","2,256,448","2,134,752"
Lost Customer Hours,2010/11,,,,,,,,,,,,
Bakerloo,"109,747","124,404","124,921","112,314","61,031","167,504","167,725","122,095","203,161","207,642","104,890","104,860","114,702"
Central,"284,418","349,443","335,417","337,292","200,802","748,945","766,923","606,222","829,478","385,343","327,767","339,545","185,886"
Waterloo & City,"13,191","28,984","28,335","16,379","3,507","23,814","5,118","40,485","36,830","5,396","3,745","17,031","6,268"
Circle + H&C,"527,752","201,899","287,823","174,924","126,339","353,546","331,205","385,353","340,640","239,556","180,984","173,105","152,138"
District,"198,747","200,360","248,812","551,551","177,782","445,809","711,007","530,655","484,815","411,910","304,270","253,193","192,439"
Jubilee,"427,036","294,613","444,528","632,908","265,537","510,037","763,784","977,781","667,651","1,088,149","1,073,696","585,088","601,373"
Metropolitan,"112,049","99,746","133,848","208,456","187,506","205,701","316,707","304,263","259,521","258,960","202,486","128,809","82,161"
Northern,"184,296","155,025","155,827","223,703","298,964","422,377","587,867","435,076","495,301","307,309","186,974","259,341","153,115"
Piccadilly,"179,479","320,670","234,075","204,311","225,901","402,004","461,975","682,524","473,200","425,799","181,295","176,693","240,047"
Victoria,"249,793","202,052","237,261","425,185","331,218","450,069","507,825","482,443","547,678","466,322","308,385","318,093","276,331"
NETWORK,"2,286,508","1,977,196","2,230,848","2,887,023","1,878,587","3,729,807","4,620,135","4,566,897","4,338,274","3,796,385","2,874,491","2,355,758","2,004,459"
Lost Customer Hours,2011/12,,,,,,,,,,,,
Bakerloo,"106,757","89,475","96,533","84,127","66,280","101,217","101,979","134,374","61,479","59,817","58,340","76,473","59,406"
Central,"289,256","263,157","290,266","329,626","285,983","295,109","448,790","311,295","404,211","290,382","272,904","393,078","302,305"
Waterloo & City,"1,866","4,311","29,198","15,177","5,385","4,490","5,316","3,717","2,304","7,836","16,785","5,282","13,201"
Circle + H&C,"136,204","175,316","155,836","203,744","137,562","177,845","158,767","99,383","103,752","139,893","147,720","168,902","141,988"
District,"318,377","142,115","191,677","183,198","239,202","227,572","317,371","225,075","201,200","216,067","196,937","262,056","296,336"
Jubilee,"714,720","674,108","348,660","618,989","512,518","609,771","290,240","375,509","441,414","476,873","534,589","939,669","458,340"
Metropolitan,"75,532","101,199","126,662","181,393","145,298","143,602","117,893","130,160","146,928","126,039","174,142","218,363","127,110"
Northern,"259,924","257,357","237,181","155,020","209,608","228,914","162,107","180,572","128,046","268,932","216,680","173,063","223,467"
Piccadilly,"297,173","314,182","174,153","288,053","207,127","312,600","273,582","210,090","199,346","228,021","226,026","226,911","203,971"
Victoria,"309,546","300,869","279,279","241,443","250,235","360,965","279,056","384,324","300,386","230,042","229,760","140,544","171,309"
NETWORK,"2,509,354","2,322,089","1,929,445","2,300,769","2,059,198","2,462,085","2,155,102","2,054,499","1,989,066","2,043,901","2,073,884","2,604,341","1,997,431"
Lost Customer Hours,2012/13,,,,,,,,,,,,
Bakerloo,"110,347","67,225","79,569","77,436","72,311","42,413","55,838","54,026","53,581","62,174","302,506","431,135","260,886"
Central,"270,362","231,611","708,017","222,580","558,111","109,253","169,305","482,741","231,333","227,097","225,713","208,533","303,690"
Waterloo & City,"6,253","5,120",884,"15,339","1,628","4,790","8,808","5,072","11,871",124,"20,579","8,393","5,107"
Circle + H&C,"107,994","119,727","157,908","174,969","118,314","127,336","132,549","134,663","160,718","146,285","191,464","120,819","208,955"
District,"219,494","404,251","382,102","256,349","198,833","248,163","147,737","151,936","274,103","163,240","197,668","146,646","196,717"
Jubilee,"542,582","707,345","440,663","406,801","324,667","159,946","241,717","300,776","375,329","262,839","256,512","263,644","236,125"
Metropolitan,"162,429","247,186","172,633","100,322","117,877","94,471","64,915","108,012","140,210","132,708","106,095","73,453","97,363"
Northern,"215,183","210,014","200,002","173,312","112,175","109,462","109,880","157,359","131,627","133,159","204,193","125,050","167,139"
Piccadilly,"162,822","154,116","191,248","160,430","132,677","108,237","183,106","88,490","203,544","208,016","102,243","193,801","148,950"
Victoria,"179,429","251,807","120,400","158,179","92,131","96,146","139,528","173,823","143,976","125,442","224,229","137,998","190,821"
NETWORK,"1,976,896","2,398,403","2,453,427","1,745,717","1,728,724","1,100,217","1,253,385","1,656,899","1,726,294","1,461,084","1,831,202","1,709,469","1,815,754"
Lost Customer Hours,2013/14,,,,,,,,,,,,
Bakerloo,"119,799","75,108","57,990","74,768","67,203","67,388","63,958","77,134","45,080","37,491","68,488","218,048","64,765"
Central,"369,420","303,098","228,709","322,295","252,044","197,150","336,066","317,390","245,461","232,253","369,852","967,026","269,166"
Waterloo & City,"3,982","14,278","15,139","3,094",448,"11,877","5,483","3,855","10,102","5,040","3,377","78,783","11,349"
Circle + H&C,"175,713","130,978","151,948","155,342","172,878","151,388","204,897","243,809","243,096","208,962","141,849","348,980","204,169"
District,"158,581","212,346","135,384","229,928","219,924","136,352","156,883","204,161","126,807","176,233","153,751","464,995","192,887"
Jubilee,"194,380","161,591","375,093","254,926","292,042","284,199","275,413","431,640","318,348","240,577","189,176","1,222,807","163,551"
Metropolitan,"52,797","62,513","97,994","143,903","115,211","75,599","80,568","99,060","153,474","88,157","69,970","400,085","69,238"
Northern,"177,473","157,020","191,219","239,599","220,978","191,528","225,181","204,044","186,624","108,863","144,654","263,461","172,735"
Piccadilly,"252,318","85,024","121,491","132,715","114,942","90,409","126,053","208,082","210,294","237,383","114,808","656,251","114,709"
Victoria,"169,996","130,548","159,206","281,590","293,396","195,747","209,577","143,742","192,461","86,004","266,385","311,617","204,667"
NETWORK,"1,674,459","1,332,503","1,534,174","1,838,159","1,749,066","1,401,638","1,684,080","1,932,919","1,731,747","1,420,964","1,522,310","4,932,056","1,467,235"
Lost Customer Hours,2014/15,,,,,,,,,,,,
Bakerloo,"45,327","208,136","63,925","51,331","72,889","58,094","58,567","67,314","84,783","68,023","57,659","45,994","62,187"
Central,"282,916","1,049,181","320,977","356,161","341,472","858,232","617,806","335,431","224,010","189,798","237,794","330,923","187,860"
Waterloo & City,"6,832","56,155","7,623","10,853","10,185","35,688","4,040","1,210","1,551","2,441","9,724","11,131","2,336"
Circle + H&C,"94,271","272,314","154,216","130,059","184,654","169,363","203,661","125,318","158,377","113,792","231,192","167,456","152,268"
District,"141,208","465,129","327,495","209,701","177,678","171,047","205,596","148,922","247,325","150,967","225,856","242,729","175,263"
Jubilee,"203,209","799,187","220,573","188,688","279,298","326,688","170,587","252,491","443,692","196,358","245,380","189,931","280,231"
Metropolitan,"61,263","338,251","68,980","60,916","81,827","67,779","77,463","84,032","55,228","84,624","91,610","72,630","81,015"
Northern,"73,346","249,862","75,324","130,824","106,571","159,443","211,777","141,782","188,623","80,994","123,444","102,008","167,710"
Piccadilly,"149,988","682,352","105,354","194,185","165,450","115,216","152,104","175,118","263,350","187,108","182,884","180,233","112,538"
Victoria,"173,911","280,333","87,210","134,743","108,290","149,896","86,151","117,885","127,903","91,078","107,713","104,919","109,794"
NETWORK,"1,232,270","4,400,900","1,431,679","1,467,461","1,528,313","2,111,445","1,787,750","1,449,503","1,794,842","1,165,182","1,513,254","1,447,954","1,331,204"
Lost Customer Hours,2015/16,,,,,,,,,,,,
Bakerloo,"61,359","55,697","55,966","160,701","164,907","53,299","58,577","91,299","52,640","34,031","64,626","81,910","73,823"
Central,"353,140","176,678","338,854","990,270","1,058,334","470,852","501,440","415,972","257,500","154,448","267,956","309,169","453,497"
Waterloo & City,"3,637","6,014","4,663","46,420","41,289","6,935","9,122","4,517","8,670","5,590","9,483","4,721","2,455"
Circle + H&C,"138,417","143,268","187,491","457,649","454,381","165,270","105,062","135,231","200,949","105,461","159,109","220,704","175,882"
District,"175,749","108,472","240,559","487,814","884,683","331,733","183,596","144,475","149,640","108,266","153,275","159,198","176,406"
Jubilee,"422,452","157,553","162,359","878,278","893,994","193,840","293,135","188,627","223,385","83,649","134,716","209,652","216,076"
Metropolitan,"83,444","54,512","71,078","324,028","250,964","76,626","76,052","84,412","81,196","40,829","94,083","59,308","43,176"
Northern,"139,385","108,863","99,678","669,885","655,917","136,434","130,100","145,280","93,197","76,323","136,456","153,096","108,884"
Piccadilly,"170,426","126,732","157,371","526,120","507,544","140,809","162,172","231,299","525,442","136,048","317,916","174,633","491,437"
Victoria,"131,332","110,386","75,137","375,296","313,831","97,676","122,777","82,528","105,100","63,515","167,612","123,944","106,094"
NETWORK,"1,679,343","1,048,174","1,393,156","4,916,461","5,225,844","1,673,474","1,642,033","1,523,639","1,697,720","808,160","1,505,232","1,496,334","1,847,729"
Lost Customer Hours,2016/17,,,,,,,,,,,,
Bakerloo,"91,229","48,900","136,776","77,301","74,958","121,473","86,048","98,322","83,265","65,983","179,192","114,269","101,000"
Central,"241,160","242,143","294,311","533,732","243,439","406,844","319,435","259,103","544,830","324,518","1,108,659","647,636","377,383"
Waterloo & City,"23,403","1,859","13,671","1,386","5,481","1,982","5,602","5,580","14,150","2,370","39,158","37,915","11,314"
Circle + H&C,"189,979","150,807","205,806","261,996","226,522","335,464","141,415","336,068","287,905","199,605","398,842","186,335","121,066"
District,"210,062","194,730","399,276","153,770","175,051","203,063","224,260","227,256","170,287","216,240","199,649","200,526","131,274"
Jubilee,"264,056","202,795","246,297","196,663","207,384","209,957","164,540","192,566","267,635","94,792","408,342","289,240","163,364"
Metropolitan,"53,028","55,961","134,847","123,649","85,645","99,440","68,393","59,443","63,398","54,023","125,953","70,294","63,692"
Northern,"131,581","218,821","128,025","118,649","155,818","103,922","98,985","114,617","220,358","104,949","277,196","229,272","122,155"
Piccadilly,"141,898","158,350","182,984","187,287","220,568","258,524","228,203","273,968","1,994,315","629,406","521,006","349,019","320,256"
Victoria,"85,115","67,624","102,784","227,263","104,478","98,399","102,381","97,434","115,417","145,703","534,334","103,648","110,485"
NETWORK,"1,431,513","1,341,990","1,844,777","1,881,697","1,499,344","1,839,068","1,439,262","1,664,357","3,761,560","1,837,588","3,792,330","2,228,155","1,521,988"
Lost Customer Hours,2017/18,,,,,,,,,,,,
Bakerloo,"128,033","82,253","87,102","64,052","128,863","105,004","126,123","113,110","149,825","66,480","86,316","101,440","97,504"
Central,"257,623","363,661","355,091","423,992","382,988","293,615","327,019","279,403","469,919","352,667","471,269","471,541","467,571"
Waterloo & City,"6,328","11,919","9,928","4,296","3,584","3,601","9,103","4,216","4,500","2,077","12,013","7,693","3,486"
Circle + H&C,"73,829","160,551","104,435","149,152","101,827","81,918","110,735","113,250","163,173","156,706","163,537","143,749","102,759"
District,"148,037","169,628","234,416","163,068","243,611","212,167","270,593","336,171","253,358","125,338","242,514","225,172","256,402"
Jubilee,"223,741","169,403","283,449","251,077","283,398","229,471","264,016","187,409","243,038","183,617","229,545","353,511","372,163"
Metropolitan,"64,956","69,205","66,442","41,273","56,015","61,077","105,571","92,032","64,361","108,922","89,313","89,581","82,107"
Northern,"108,478","164,731","170,262","163,453","224,290","271,373","190,746","233,542","201,715","160,695","113,481","213,617","152,959"
Piccadilly,"369,849","381,049","476,064","565,276","428,843","294,653","328,262","252,532","259,385","221,165","268,769","400,170","329,577"
Victoria,"110,644","82,594","178,462","136,510","134,986","133,263","164,107","141,732","193,501","132,621","114,954","197,397","167,959"
NETWORK,"1,491,518","1,654,994","1,965,651","1,962,149","1,988,405","1,686,142","1,896,275","1,753,397","2,002,775","1,510,288","1,791,711","2,203,871","2,032,487"
Lost Customer Hours,2018/19,,,,,,,,,,,,
Bakerloo,"79,098","89,693","105,332","89,659","87,692","99,189","116,379","52,219","54,697","62,780","74,133","124,119","97,393"
Central,"255,910","294,119","534,463","397,163","381,995","232,973","832,855","860,226","277,635","173,834","306,814","501,574","676,405"
Waterloo & City,"10,029","9,310","8,002","2,942","10,523","4,355","25,909","36,143","7,132","1,470",804,"4,140","3,719"
Circle + H&C,"216,818","128,402","138,128","154,680","97,194","98,679","152,484","223,701","125,386","91,051","105,237","188,215","269,556"
District,"289,284","264,089","189,974","261,010","262,688","111,197","141,448","228,962","176,087","120,827","147,564","185,271","157,580"
Jubilee,"578,352","208,059","141,744","242,671","339,771","201,765","336,781","487,011","357,796","352,258","272,335","365,369","494,881"
Metropolitan,"100,023","48,400","96,920","70,363","90,790","51,788","70,924","97,775","129,177","32,863","72,877","140,157","95,674"
Northern,"178,674","176,048","151,862","139,542","161,666","151,962","132,598","158,534","155,725","94,368","190,485","273,983","257,050"
Piccadilly,"299,301","235,479","255,223","296,041","506,689","231,324","937,753","303,452","464,430","250,006","280,422","283,753","255,556"
Victoria,"84,008","144,929","225,118","134,335","116,727","127,001","177,697","235,227","160,719","93,678","151,304","341,964","257,086"
NETWORK,"2,091,497","1,598,528","1,846,767","1,788,406","2,055,735","1,310,233","2,924,829","2,683,250","1,908,784","1,273,135","1,601,975","2,408,545","2,564,900"
