Average Lost Customer Hours per period - all causes and all attribution parties [Network by category],,,,,,,,,,,,,
Lost Customer Hours,2004/05,2005/06,2006/07,2007/08,2008/09,2009/10,2010/11,2011/12,2012/13,2013/14,2014/15,2015/16,2016/17
Animals / Pests,"1,603",318,"1,554","1,322","1,711",462,"1,338","1,644",424,"2,785",829,656,"1,607"
ATP / ATO,"55,090","15,561","11,927","8,829","10,781","8,626","40,034","16,038","11,235","21,458","25,587","21,614","18,673"
Bridge Strike,"1,867",798,501,513,"1,136",68,328,"2,073",270,118,290,326,78
Crowding,,,,,,,,,,,"16,743","30,973","27,452"
Customers & Public,"370,474","342,168","422,408","418,575","398,729","371,203","370,301","383,968","326,046","328,803","273,461","279,545","342,329"
External Properties,"1,536","7,681","2,894","9,355","3,853","2,370","1,857","5,180","9,982","2,739","6,805","8,349","4,070"
Fleet,"810,549","786,762","827,643","1,068,261","695,777","484,212","539,396","400,897","346,138","348,586","300,911","371,272","491,012"
Gas / Water / Sewage,"12,489","1,646","11,448","3,196","4,498","2,388","14,759","3,576","32,207","5,287","2,500",146,542
National Rail Operations,"42,899","34,473","28,036","32,637","18,665","15,092","39,498","27,874","15,533","19,345","20,916","20,396","33,201"
Other LU Operations,"18,900","12,680","11,213","16,562","12,673","14,321","5,723","9,593","8,248","7,149","3,117","5,300","4,510"
Power Failure,"11,466","15,720","14,835","7,913","7,614","4,957","16,068","12,893","8,658","7,647","15,124","26,007","16,339"
Safety & Security,"112,441","1,238,803","77,421","57,477","52,672","34,361","32,272","20,754","18,295","12,606","12,425","16,378","25,420"
Signals,"841,022","624,380","642,461","608,837","511,533","417,942","481,831","410,205","285,148","263,993","251,604","183,371","206,255"
Staff,"260,428","474,811","360,768","454,134","315,016","255,822","308,335","302,535","223,511","227,513","202,859","185,085","209,413"
Staff - Absence or Shortage,"225,892","248,185","255,581","281,268","164,096","139,261","137,465","248,816","126,896","133,280","128,872","102,453","250,621"
Staff Industrial Action,"185,797","262,431","19,696","5,492",176,"319,303","572,056","29,150","86,080","268,107","293,971","622,313","187,958"
Stations,"164,506","238,289","169,041","145,882","114,006","151,806","101,754","104,085","73,111","58,284","53,004","43,665","58,210"
Track & Civils,"293,846","467,775","585,465","589,439","323,404","277,546","294,146","173,911","165,038","116,177","102,367","99,962","69,383"
Transplant Operations,"13,575",907,"1,067",784,165,88,"5,812",40,132,46,"14,443","1,679","2,008"
Other,130,"1,939","1,088",133,170,36,14,44,35,0,89,551,235
Vandalism,"24,388","53,696","40,965","52,362","42,011","35,633","47,031","20,261","14,081","10,115","11,009","12,400","17,970"
Weather,990,"4,594","26,901","10,709","137,924","11,918","32,009","18,862","7,199","29,141","6,286","2,736","39,150"
TOTAL,"3,449,886","4,833,617","3,512,910","3,773,681","2,816,607","2,547,417","3,042,028","2,192,397","1,758,267","1,863,178","1,743,212","2,035,177","2,006,433"
,1,2,3,4,5,6,7,8,9,10,11,12,13
Lost Customer Hours,2003/04,,,,,,,,,,,,
Animals / Pests,0,0,0,0,0,0,0,0,0,"1,804",0,162,0
ATP / ATO,"58,627","45,162","31,331","60,215","64,200","97,978","36,710","69,942","94,575","35,001","54,954","37,073","40,373"
Bridge Strike,0,0,0,0,0,0,0,0,0,0,0,28,0
Customers & Public,"305,702","350,413","275,617","319,294","316,218","335,910","333,293","423,217","437,168","276,481","286,768","411,578","430,460"
External Properties,0,0,0,0,0,0,0,0,0,"1,413",340,"3,571",204
Fleet,"945,618","1,090,879","1,242,152","1,179,417","1,259,153","1,270,679","1,357,454","1,387,939","1,274,652","862,915","1,161,963","966,754","1,069,947"
Gas / Water / Sewage,"5,459",753,"2,560","19,944","49,252","11,607","29,924","15,818",576,200,928,"1,410",63
National Rail Operations,"20,785","36,705","107,936","69,458","81,391","53,964","65,616","102,565","68,995","47,113","69,952","112,280","77,580"
Other LU Operations,0,0,68,334,249,477,165,755,55,"25,360","49,947","19,693","23,489"
Power Failure,"20,218","4,146","6,982","9,060","5,587","330,505","16,409","25,514","46,483","18,824","3,791","7,564","5,527"
Safety & Security,"122,257","96,700","209,879","150,318","120,362","155,080","103,991","88,693","89,242","48,808","53,388","54,420","305,996"
Signals,"733,701","462,152","401,097","983,874","969,259","803,010","729,406","842,061","812,102","656,598","764,770","953,872","1,112,111"
Staff,"202,303","188,719","186,301","259,160","279,235","311,071","234,013","310,059","298,365","175,244","327,027","306,321","326,961"
Staff - Absence or Shortage,"441,669","508,644","558,679","504,170","677,228","637,295","499,481","438,086","393,209","257,722","315,868","297,255","323,636"
Staff Industrial Action,0,0,0,0,0,178,0,284,574,0,0,0,"2,067"
Stations,"192,252","277,090","272,093","179,824","203,645","176,090","187,365","135,981","129,916","62,605","89,434","158,108","99,153"
Track & Civils,"178,225","336,781","533,571","345,664","363,452","275,288","789,808","1,591,026","430,348","278,400","526,754","366,366","433,730"
Transplant Operations,274,"1,168",252,"1,542",355,"7,603","3,882","5,454","3,173",501,"1,593",231,468
Other,0,0,0,0,171,723,866,"1,073",0,111,0,0,854
Vandalism,"30,768","25,970","30,821","45,592","38,967","36,018","79,070","56,340","43,700","42,879","34,722","39,077","36,794"
Weather,0,0,0,0,"19,152",0,0,0,0,0,0,0,"1,578"
TOTAL,"3,257,855","3,425,283","3,859,340","4,127,866","4,447,877","4,503,476","4,467,453","5,494,806","4,123,132","2,791,979","3,742,198","3,735,764","4,290,991"
Lost Customer Hours,2004/05,,,,,,,,,,,,
Animals / Pests,"1,430",452,0,"1,545",0,"8,480",434,348,"4,181","2,573",377,"1,016",0
ATP / ATO,"48,863","52,823","50,682","41,436","67,800","46,884","68,731","88,212","47,826","77,224","49,987","44,312","31,395"
Bridge Strike,"13,636",0,0,0,85,396,0,"2,334",24,0,0,309,"7,489"
Customers & Public,"328,656","315,068","344,002","411,093","411,317","348,730","484,594","364,705","437,876","292,943","345,519","325,470","406,188"
External Properties,80,0,0,300,"2,404","4,940","1,405","2,349",168,66,310,744,"7,204"
Fleet,"990,202","834,319","998,413","758,689","898,227","680,174","698,981","856,996","639,162","579,748","837,076","1,117,240","647,909"
Gas / Water / Sewage,0,0,"4,900",0,"2,097","1,344","16,977","95,075",74,575,0,"13,415","27,905"
National Rail Operations,"39,582","33,310","39,383","42,695","145,137","22,626","60,172","38,989","30,575","20,680","41,534","28,960","14,042"
Other LU Operations,"20,782","13,326","42,348","20,706","13,582","6,849","16,627","24,657","19,579","18,096","25,210","14,723","9,215"
Power Failure,"8,976","4,952","2,449","7,107","38,874","13,027","5,893","8,971","12,892","36,738","3,272","5,248",654
Safety & Security,"198,181","182,642","105,380","87,462","99,770","131,318","52,622","284,341","44,293","57,572","65,700","60,570","91,875"
Signals,"976,290","953,037","539,124","906,334","1,340,513","872,532","671,213","633,898","681,167","523,513","715,053","1,057,810","1,062,798"
Staff,"298,873","281,610","261,793","288,014","290,844","238,311","241,246","219,777","295,554","248,548","234,775","295,105","191,110"
Staff - Absence or Shortage,"335,614","225,563","183,918","165,869","328,902","204,507","201,609","273,943","195,855","194,126","212,985","251,378","162,326"
Staff Industrial Action,0,101,0,"2,244,063",0,0,0,65,0,"12,722","55,622","38,543","64,249"
Stations,"139,448","118,919","268,049","154,450","149,274","105,558","143,350","117,151","263,303","115,464","77,656","262,078","223,872"
Track & Civils,"386,759","179,756","638,850","254,444","253,171","185,851","293,002","139,493","243,967","179,411","238,280","529,263","297,746"
Transplant Operations,"20,225","121,940",747,706,"9,444",404,"6,043","4,366",715,0,"6,438",831,"4,614"
Other,0,0,0,0,0,0,0,52,0,105,834,696,0
Vandalism,"36,532","24,541","27,942","25,839","25,823","20,914","20,564","20,819","21,832","19,722","18,165","32,380","21,971"
Weather,0,0,0,0,"12,453",0,0,0,0,13,0,399,0
TOTAL,"3,844,130","3,342,358","3,507,979","5,410,752","4,089,718","2,892,844","2,983,461","3,176,544","2,939,043","2,379,839","2,928,793","4,080,491","3,272,562"
Lost Customer Hours,2005/06,,,,,,,,,,,,
Animals / Pests,"1,830",125,173,189,425,514,0,0,365,378,0,134,0
ATP / ATO,"9,068","12,392","53,138","9,203","11,887","55,096","8,850","3,852","6,732",245,"8,432","10,825","12,565"
Bridge Strike,"8,474",163,48,"1,281",411,0,0,0,0,0,0,0,0
Customers & Public,"517,751","389,401","320,075","301,134","270,953","238,993","324,337","376,714","356,410","263,307","336,101","368,006","384,998"
External Properties,"1,573","4,054",34,"17,758",279,"61,195",32,0,"1,151","2,927",0,"1,058","9,793"
Fleet,"688,087","799,678","777,540","739,357","828,314","912,217","770,837","895,989","970,930","632,292","811,235","800,930","600,496"
Gas / Water / Sewage,"1,776",0,114,0,0,0,630,969,220,0,454,0,"17,232"
National Rail Operations,"23,726","31,635","30,378","27,416","59,754","19,948","60,401","28,740","25,620","16,870","31,092","52,441","40,131"
Other LU Operations,"6,196","11,829","5,992","11,382","8,274","7,817","19,596","2,034","16,390","6,969","8,771","32,070","27,517"
Power Failure,"17,468","31,087","8,501","1,469","15,091","9,459","1,808","1,198","11,214","2,021","4,771","40,266","60,009"
Safety & Security,"53,220","31,218","70,465","10,440,194","4,453,756","257,982","152,758","132,012","151,793","74,350","89,345","98,499","98,850"
Signals,"700,398","529,351","825,217","475,735","552,355","926,275","1,058,817","477,995","471,075","526,060","515,874","532,080","525,704"
Staff,"291,788","233,118","258,129","346,012","351,339","404,668","2,075,709","505,770","475,610","279,879","321,863","367,318","261,336"
Staff - Absence or Shortage,"143,830","131,380","119,074","119,270","306,140","361,373","379,556","349,491","398,192","370,991","150,792","231,125","165,195"
Staff Industrial Action,"81,425","67,488","53,119","135,235","94,058","81,262","165,419","159,374","202,477","435,730","951,372","484,570","500,075"
Stations,"94,330","762,217","94,704","108,954","384,295","224,952","217,578","437,611","130,573","166,499","235,333","136,693","104,026"
Track & Civils,"435,389","929,664","940,283","461,061","340,449","406,527","255,276","383,939","422,462","277,523","583,451","370,753","274,298"
Transplant Operations,0,0,273,0,5,461,"6,236",212,0,0,"3,461",846,294
Other,0,732,"6,594",0,137,245,89,0,0,"15,033",35,"2,120",218
Vandalism,"62,888","59,496","52,721","34,070","32,048","32,898","52,167","61,716","63,037","76,038","49,846","75,779","45,345"
Weather,68,0,"4,156","2,776",34,"51,587",0,1,183,793,0,124,0
TOTAL,"3,139,284","4,025,029","3,620,728","13,232,497","7,710,007","4,053,470","5,550,098","3,817,617","3,704,433","3,147,906","4,102,229","3,605,636","3,128,082"
Lost Customer Hours,2006/07,,,,,,,,,,,,
Animals / Pests,0,227,573,433,0,190,"2,691","3,175","4,272","3,812",0,0,"4,827"
ATP / ATO,0,"8,082","14,500","19,713","8,130","8,279","22,830","10,871","13,211","4,553","7,230","26,028","11,627"
Bridge Strike,187,144,"1,093",101,"1,714","1,289",744,0,950,0,7,0,277
Customers & Public,"338,771","384,511","350,896","402,922","389,719","442,714","377,547","541,194","657,818","429,606","403,953","451,964","319,681"
External Properties,"2,901",502,"1,870","1,432",0,0,0,740,3,0,"24,754","2,126","3,299"
Fleet,"736,575","628,243","790,786","939,491","950,381","780,725","778,743","896,927","853,856","700,572","886,354","907,593","909,110"
Gas / Water / Sewage,414,0,"8,782","19,860","28,590",0,"77,586",757,0,262,0,"12,569",0
National Rail Operations,"26,690","25,593","58,218","22,053","13,271","21,768","17,780","32,277","26,044","17,640","71,398","15,970","15,761"
Other LU Operations,"7,821","4,476","4,464","28,312","6,679","19,942","32,367","6,432","4,657","6,195","7,517","9,010","7,891"
Power Failure,"3,729","3,574","7,803","6,791","64,595","3,485","6,545","7,974","2,085","15,421","32,019","15,989","22,846"
Safety & Security,"81,715","58,059","75,522","134,019","85,236","104,064","62,777","86,828","75,549","45,327","45,414","69,422","82,534"
Signals,"461,564","449,251","380,053","1,037,658","648,301","956,805","551,909","799,363","1,213,578","357,116","448,314","565,493","482,582"
Staff,"374,047","326,494","311,721","530,217","336,513","416,960","352,153","390,579","397,489","281,222","290,550","334,189","347,851"
Staff - Absence or Shortage,"162,419","119,548","150,382","262,324","374,512","268,206","217,100","337,975","291,100","357,819","225,290","352,527","203,351"
Staff Industrial Action,"256,049",0,0,0,0,0,0,0,0,0,0,0,0
Stations,"100,560","188,811","256,691","162,988","228,620","107,942","128,685","138,891","145,854","54,035","92,474","385,216","206,766"
Track & Civils,"300,854","675,521","802,928","578,897","599,109","384,561","381,232","354,829","849,537","234,230","775,261","1,124,138","549,945"
Transplant Operations,0,308,"1,238",0,491,128,"1,605","3,617","5,371",0,0,129,986
Other,410,"1,387",883,0,224,"5,944","3,111","1,466",0,715,0,0,0
Vandalism,"42,737","42,932","50,006","34,282","30,662","33,169","30,692","29,365","91,581","30,255","38,096","34,543","44,221"
Weather,0,917,"52,607","13,395","10,387",910,"8,800",38,"4,718","1,521","35,849","219,490","1,079"
TOTAL,"2,897,442","2,918,580","3,321,016","4,194,887","3,777,136","3,557,078","3,054,899","3,643,299","4,637,673","2,540,301","3,384,482","4,526,399","3,214,634"
Lost Customer Hours,2007/08,,,,,,,,,,,,
Animals / Pests,"5,074","1,572","1,632",235,0,"1,972",888,0,"2,211",0,527,0,"3,082"
ATP / ATO,"10,581","12,624","6,341","14,898","9,423","18,785","17,758","7,676","2,831","7,461","4,288","1,935",174
Bridge Strike,322,"1,835",704,90,0,"3,222",27,0,2,0,345,120,0
Customers & Public,"324,821","473,034","377,723","465,928","366,373","329,131","427,447","500,333","504,223","344,349","437,252","497,401","393,457"
External Properties,673,0,"9,746","1,077","3,344","7,651","66,149",61,818,"22,997",929,"3,640","4,534"
Fleet,"883,512","698,893","814,603","860,508","929,598","2,816,218","936,088","1,054,694","1,076,990","895,917","860,372","1,107,884","952,116"
Gas / Water / Sewage,0,0,"1,073","2,667",0,0,531,"27,064",0,"3,657","1,459",0,"5,103"
National Rail Operations,"19,631","38,819","71,450","17,859","33,627","28,379","20,468","61,076","14,216","13,510","29,598","27,734","47,918"
Other LU Operations,"8,855","2,100","5,501","13,364","32,180","11,221","8,399","9,709","34,487","10,875","44,951","27,632","6,035"
Power Failure,"6,306","6,552","13,848","5,732","5,338","3,522","1,151","2,630","20,039","4,932","12,018","14,171","6,631"
Safety & Security,"42,309","42,916","25,528","183,590","64,666","42,402","55,420","82,488","37,190","36,044","49,715","35,997","48,937"
Signals,"547,330","767,003","942,032","722,187","764,853","559,185","566,736","699,553","421,825","390,938","660,852","409,566","462,821"
Staff,"254,163","267,843","416,626","366,936","339,483","1,436,152","551,082","415,786","445,087","366,323","348,554","381,897","313,807"
Staff - Absence or Shortage,"227,249","186,658","226,503","263,634","635,175","308,888","291,044","213,634","274,318","328,440","209,525","277,609","213,804"
Staff Industrial Action,0,0,0,"71,397",0,0,0,0,0,0,0,0,0
Stations,"85,060","511,065","128,354","147,257","140,818","123,314","129,765","101,979","140,288","109,959","110,960","95,068","72,580"
Track & Civils,"1,585,695","592,424","293,658","1,176,478","389,656","626,455","427,461","281,835","304,413","509,286","604,547","589,011","281,783"
Transplant Operations,0,"2,623",235,691,0,72,"3,887",0,"2,435",0,0,0,245
Other,0,0,0,36,865,171,0,0,0,654,0,0,0
Vandalism,"61,412","25,924","60,397","87,941","41,097","38,029","60,033","62,413","45,677","47,089","41,978","62,721","45,996"
Weather,"5,435",114,"2,399","92,547","2,067",542,"1,834",768,"8,694","21,707",444,"2,668",0
TOTAL,"4,068,427","3,632,000","3,398,354","4,495,051","3,758,561","6,355,312","3,566,168","3,521,699","3,335,743","3,114,138","3,418,314","3,535,057","2,859,022"
Lost Customer Hours,2008/09,,,,,,,,,,,,
Animals / Pests,"1,332","7,462",411,392,"5,781","1,060",0,0,0,"1,761","1,040",0,"3,005"
ATP / ATO,"6,452","18,051","4,040",888,"14,367","5,220","3,083","4,792","9,855","2,601","41,630","22,656","6,514"
Bridge Strike,17,0,138,0,"13,916",0,231,253,0,0,0,207,0
Customers & Public,"350,665","322,064","346,710","566,142","351,691","300,869","419,231","580,064","424,355","323,769","391,393","386,899","419,621"
External Properties,"8,314","2,951","1,023","12,221","1,287",377,"1,558","6,525",0,"3,931",82,"9,736","2,080"
Fleet,"798,151","732,726","827,161","704,607","960,584","652,959","773,699","737,450","722,149","418,143","498,698","629,137","589,631"
Gas / Water / Sewage,0,0,"22,612",305,0,0,100,0,0,"28,125","7,327",0,0
National Rail Operations,"12,701","20,537","25,220","21,063","38,020","14,218","14,932","19,246","14,886","14,153","10,717","26,433","10,515"
Other LU Operations,"6,415","9,447","22,992","11,417","11,221","11,980","15,435","6,350","11,591","2,919","34,824","14,224","5,937"
Power Failure,"2,857","16,784","4,150","1,613","4,367","7,546","12,019","24,559","6,790","1,918","5,823","8,786","1,766"
Safety & Security,"47,729","53,328","224,777","42,899","43,374","30,806","34,222","29,331","75,458","28,123","16,319","17,118","41,246"
Signals,"382,164","418,582","505,188","632,931","437,246","455,810","403,296","525,072","678,398","304,619","466,083","970,964","469,574"
Staff,"351,559","352,175","309,701","338,999","287,586","248,818","340,085","430,726","323,485","228,886","252,323","353,476","277,391"
Staff - Absence or Shortage,"190,518","130,121","120,082","263,177","236,061","179,697","140,971","221,204","121,645","214,354","78,503","117,647","119,274"
Staff Industrial Action,0,0,0,0,0,"2,283",0,0,0,0,0,0,0
Stations,"157,089","145,395","109,561","100,023","152,022","108,748","124,468","91,169","100,091","83,745","93,084","92,299","124,390"
Track & Civils,"222,737","205,472","414,488","139,663","148,249","454,726","375,368","380,996","385,127","199,416","389,434","355,513","533,064"
Transplant Operations,21,90,34,169,349,0,724,6,317,416,0,15,0
Other,0,0,"1,866",0,0,0,9,0,0,0,0,334,0
Vandalism,"33,069","32,576","38,594","45,908","36,559","33,091","39,156","56,852","87,951","26,119","18,128","53,670","44,468"
Weather,789,371,"11,930",0,428,"4,962",49,"4,434","12,614",13,0,"1,746,777","10,643"
TOTAL,"2,572,577","2,468,131","2,990,677","2,882,416","2,743,109","2,513,170","2,698,635","3,119,030","2,974,712","1,883,011","2,305,408","4,805,891","2,659,119"
Lost Customer Hours,2009/10,,,,,,,,,,,,
Animals / Pests,592,0,"1,447",0,0,41,286,760,101,"1,772",855,0,155
ATP / ATO,"1,841","3,841","2,740","5,896","2,504","3,380","3,225","3,193","3,575","9,530","23,446","19,235","29,730"
Bridge Strike,57,0,170,0,576,0,0,0,0,6,0,78,0
Customers & Public,"357,202","576,910","359,919","324,931","356,161","343,922","323,088","443,513","414,023","309,104","328,912","343,018","344,940"
External Properties,"5,965","1,508",0,0,"2,347","4,238",0,268,"6,831","1,171",443,267,"7,774"
Fleet,"480,695","387,788","385,662","454,659","460,278","458,225","380,253","520,464","497,155","720,193","526,392","516,237","506,751"
Gas / Water / Sewage,0,0,0,"6,572","22,831",0,"1,643",0,0,0,4,0,0
National Rail Operations,"10,463","3,950","4,268","5,149","5,120","17,846","10,187","4,279","28,673","7,046","70,026","26,139","3,055"
Other LU Operations,"1,712","8,030","5,524","7,852","30,271","9,966","5,496","5,589","23,148","43,995","15,434","16,969","12,190"
Power Failure,"5,462","3,038","19,937","10,340","1,182",529,"2,030",238,"5,472","10,314","1,744","2,800","1,359"
Safety & Security,"120,542","25,004","17,128","54,792","19,480","16,733","28,350","22,852","28,942","28,184","24,351","40,640","19,692"
Signals,"532,216","459,616","379,568","496,047","372,387","385,796","288,110","289,242","424,066","416,853","349,694","516,285","523,362"
Staff,"268,440","198,390","225,108","286,184","287,534","226,353","311,557","303,855","263,759","208,310","254,747","284,757","206,695"
Staff - Absence or Shortage,"85,028","71,934","85,015","172,733","224,085","134,786","116,024","119,413","183,594","192,180","144,153","150,351","131,098"
Staff Industrial Action,"226,600","226,060","3,698,283",0,0,0,0,0,0,0,0,0,0
Stations,"85,047","84,524","97,473","238,687","79,324","502,842","129,736","108,466","140,625","133,652","205,460","94,527","73,120"
Track & Civils,"614,411","112,300","194,479","317,904","279,532","131,555","255,014","197,767","315,841","415,414","307,136","211,541","255,204"
Transplant Operations,0,457,59,362,0,0,81,0,42,138,0,0,0
Other,0,0,0,55,46,0,26,343,0,0,0,0,0
Vandalism,"41,515","49,424","32,133","24,053","17,953","32,559","35,787","86,092","32,918","32,543","30,938","27,760","19,553"
Weather,0,0,312,0,44,0,0,"1,341","6,086","120,919","20,310","5,844",73
TOTAL,"2,837,788","2,212,773","5,509,227","2,406,216","2,161,656","2,268,772","1,890,896","2,107,675","2,374,850","2,651,324","2,304,045","2,256,448","2,134,752"
Lost Customer Hours,2010/11,,,,,,,,,,,,
Animals / Pests,"1,023",0,322,163,"4,792",0,0,"1,195",157,"4,960",590,"1,051","3,144"
ATP / ATO,"24,225","6,405","7,301","30,790","55,716","20,190","31,615","23,466","44,034","32,172","43,597","45,261","155,676"
Bridge Strike,0,713,121,18,106,62,520,0,0,1,"2,481",0,240
Customers & Public,"291,209","352,193","365,582","486,466","254,467","264,982","400,243","442,420","513,856","357,402","379,307","362,103","343,687"
External Properties,"5,331","2,845","2,444","3,134","1,402",931,135,"4,280",289,0,65,"3,287",0
Fleet,"482,479","422,505","410,527","556,119","438,830","380,864","928,665","682,283","851,849","476,664","523,095","538,332","319,941"
Gas / Water / Sewage,0,"6,771","6,373","83,194",0,0,0,0,"4,524","5,348",517,"49,736","35,402"
National Rail Operations,"2,834","3,997","3,388","192,277","13,899","12,862","27,543","15,487","71,422","98,083","32,040","27,217","12,430"
Other LU Operations,"3,735",932,"16,644","5,312","3,126","3,912","11,102","5,569","4,043","4,981","6,128","2,715","6,205"
Power Failure,"4,055","9,360","25,076","30,815","1,680","11,413","28,111","17,062","2,849","16,060","7,078","8,081","47,237"
Safety & Security,"29,730","26,148","19,395","25,114","19,988","18,774","44,305","35,134","75,536","17,858","38,081","28,329","41,143"
Signals,"485,173","265,824","392,519","494,915","269,106","277,823","452,908","507,709","364,488","759,095","1,003,695","567,535","423,019"
Staff,"289,884","231,031","346,188","264,352","258,055","361,873","351,857","449,275","281,881","349,932","252,090","306,745","265,190"
Staff - Absence or Shortage,"250,960","139,243","214,059","105,123","92,363","114,821","80,411","129,631","106,798","142,009","125,540","184,097","101,994"
Staff Industrial Action,0,0,0,"34,154","78,307","1,859,340","1,706,703","1,538,403","1,553,608","591,624","74,592",0,0
Stations,"102,341","81,650","84,193","108,887","85,755","78,574","159,614","121,065","114,062","124,856","100,625","78,828","82,348"
Track & Civils,"282,838","402,629","317,580","437,399","203,937","303,146","353,827","494,779","200,666","301,784","251,916","133,544","139,854"
Transplant Operations,0,14,0,756,"73,562",0,0,0,117,0,174,812,122
Other,0,0,0,0,0,0,0,176,0,0,0,0,0
Vandalism,"30,692","24,269","19,019","26,590","23,288","19,846","37,460","90,949","71,035","197,766","28,792","17,815","23,885"
Weather,0,667,117,"1,447",208,393,"5,118","8,016","77,061","315,791","4,088",268,"2,942"
TOTAL,"2,286,508","1,977,196","2,230,848","2,887,023","1,878,587","3,729,807","4,620,135","4,566,897","4,338,274","3,796,385","2,874,491","2,355,758","2,004,459"
Lost Customer Hours,2011/12,,,,,,,,,,,,
Animals / Pests,"5,345",227,"3,797","2,814","1,046","3,433",889,"2,091",0,0,146,"1,578",0
ATP / ATO,"26,276","23,540","13,230","9,244","12,839","6,546","16,475","39,567","7,493","12,978","6,588","14,209","19,505"
Bridge Strike,0,0,0,"1,422",35,858,"20,249",4,408,0,"1,332",0,"2,637"
Customers & Public,"351,293","380,510","387,868","384,208","387,467","409,083","340,824","475,034","476,389","320,897","346,467","397,308","334,231"
External Properties,0,"19,269",76,"13,151","12,089",213,"10,544","6,039",26,0,"5,937",0,0
Fleet,"487,856","471,084","425,257","358,944","458,688","391,703","480,305","372,853","361,064","285,858","317,461","370,986","429,605"
Gas / Water / Sewage,"16,426","2,867",0,326,0,"6,008","8,825",0,93,"11,200",747,0,0
National Rail Operations,"53,983","25,346","24,471","41,188","34,811","35,896","15,034","59,913","10,206","16,884","21,512","12,352","10,771"
Other LU Operations,"4,505","5,570","2,097","11,601","12,237","8,252","5,708","17,473","10,545","12,949","9,665","15,104","8,997"
Power Failure,"28,219","4,264","35,956","1,988","2,871",171,"16,646","5,134","37,346","25,119","1,743","7,073","1,078"
Safety & Security,"14,846","23,733","19,787","14,912","42,746","40,448","6,727","13,147","10,762","23,665","22,813","14,842","21,373"
Signals,"580,902","494,136","251,366","566,757","309,606","614,456","411,368","292,947","301,952","252,966","406,420","401,941","447,851"
Staff,"452,596","398,537","290,874","400,750","311,492","230,717","223,967","235,026","309,911","166,914","337,125","337,982","237,059"
Staff - Absence or Shortage,"197,745","168,989","188,628","201,547","289,726","358,791","351,922","261,213","246,728","183,498","260,874","322,695","202,250"
Staff Industrial Action,0,0,"14,153",0,0,0,0,0,0,"364,800",0,0,0
Stations,"109,522","133,949","85,004","119,661","70,378","139,235","105,811","84,563","82,801","157,315","98,063","96,868","69,929"
Track & Civils,"141,859","153,059","144,628","150,871","85,768","202,126","125,591","177,717","110,282","173,925","194,509","402,965","197,542"
Transplant Operations,0,0,2,0,0,0,22,458,0,0,35,0,0
Other,0,0,0,0,7,0,0,0,0,0,0,569,0
Vandalism,"37,980","17,008","42,250","21,387","22,433","14,149","13,761","11,321","21,159","20,878","14,464","12,055","14,542"
Weather,0,0,0,0,"4,958",0,434,0,"1,904","14,054","27,984","195,814",59
TOTAL,"2,509,354","2,322,089","1,929,445","2,300,769","2,059,198","2,462,085","2,155,102","2,054,499","1,989,066","2,043,901","2,073,884","2,604,341","1,997,431"
Lost Customer Hours,2012/13,,,,,,,,,,,,
Animals / Pests,0,807,505,237,0,505,"1,120",0,0,"1,872",0,465,0
ATP / ATO,"3,364","11,726","7,756","13,141","16,435","9,486","8,429","4,483","2,263","4,368","19,264","15,847","29,500"
Bridge Strike,5,16,275,327,0,87,33,32,"2,171",26,144,393,0
Customers & Public,"357,354","338,859","349,864","353,505","337,786","221,005","278,152","379,419","453,216","198,672","312,305","275,261","383,196"
External Properties,"4,435","3,925","17,009","51,215",124,"4,670","1,519",0,"15,115","1,152",275,"30,021",304
Fleet,"354,678","533,049","368,286","332,354","446,133","234,924","249,188","333,259","351,716","262,964","387,001","345,108","301,131"
Gas / Water / Sewage,726,267,"407,969",0,42,227,"3,280",0,249,"2,889","2,682",0,362
National Rail Operations,"13,273","44,643","19,512","21,789","5,625","6,675","14,056","6,260","25,519","8,804","14,685","6,415","14,672"
Other LU Operations,"5,735","21,826","7,905","10,641","10,370","2,983","4,479","2,794","8,761","8,113","13,264","5,238","5,111"
Power Failure,"11,967","12,139","10,459",866,"21,203","6,149","4,564","4,569","11,384","8,158","3,297","2,183","15,622"
Safety & Security,"14,772","23,144","21,694","10,852","20,532","26,223","15,952","15,074","12,929","20,022","25,232","9,197","22,217"
Signals,"323,267","468,607","432,810","379,148","290,942","275,642","226,792","133,186","229,450","173,550","224,929","233,584","315,016"
Staff,"308,513","304,618","241,117","239,756","193,208","128,195","191,010","211,929","230,184","162,604","241,674","206,730","246,107"
Staff - Absence or Shortage,"205,743","204,602","231,750","87,349","21,750","33,641","110,389","103,570","162,731","153,663","143,190","98,842","92,426"
Staff Industrial Action,0,0,0,0,0,0,0,0,0,"323,908","227,065","361,453","206,614"
Stations,"88,000","101,724","101,935","123,082","76,956","34,503","47,690","68,552","62,008","71,645","74,143","49,959","50,251"
Track & Civils,"264,647","308,301","205,555","100,760","270,885","102,042","78,569","377,138","133,485","36,144","94,749","51,345","121,874"
Transplant Operations,0,0,0,0,0,0,0,0,0,0,0,"1,688",27
Other,0,8,341,90,10,0,0,0,0,0,0,0,0
Vandalism,"20,416","19,745","23,579","16,558","16,723","13,261","14,456","15,535","12,275","5,606","7,594","8,682","8,628"
Weather,0,397,"5,105","4,048",0,0,"3,710","1,098","12,840","16,926","39,711","7,058","2,697"
TOTAL,"1,976,896","2,398,403","2,453,427","1,745,717","1,728,724","1,100,217","1,253,385","1,656,899","1,726,294","1,461,084","1,831,202","1,709,469","1,815,754"
Lost Customer Hours,2013/14,,,,,,,,,,,,
Animals / Pests,"2,522","3,089",139,235,"1,389",894,"1,992","2,274",182,"5,264","1,299","16,871",53
ATP / ATO,"14,843","13,345","21,583","17,164","24,859","29,291","26,407","16,688","10,541","2,838","12,659","32,083","56,651"
Bridge Strike,136,563,35,20,433,235,0,16,41,0,3,11,36
Customers & Public,"445,405","314,673","368,194","357,410","320,545","213,045","340,476","331,917","356,095","245,805","318,129","348,417","314,330"
External Properties,36,866,"1,131","1,079","5,259",8,"2,962","1,578","17,691","1,593",238,332,"2,829"
Fleet,"303,079","276,040","386,611","384,683","410,388","387,176","303,369","366,389","397,612","314,622","346,109","387,075","268,461"
Gas / Water / Sewage,151,0,"9,738",15,4,"33,475",0,590,"24,760",0,0,0,0
National Rail Operations,"75,700","8,824","7,219","31,465","25,611","25,317","9,954","12,328","12,433","8,809","9,963","9,797","14,062"
Other LU Operations,"20,080","10,444","1,669","2,657","6,849","4,388","8,065","12,052","3,833","3,319","6,088","4,337","9,155"
Power Failure,"28,047","10,343","1,409","1,889","1,298","1,503","20,800",245,"6,896","6,705","6,146","4,795","9,338"
Safety & Security,"10,587","16,169","12,137","10,553","13,146","11,462","25,214","11,129","9,869","11,891","10,872","7,701","13,148"
Signals,"259,743","181,213","212,335","344,712","290,856","237,294","384,942","282,265","280,269","265,276","332,658","146,167","214,171"
Staff,"188,247","218,485","244,064","274,438","249,785","198,274","228,872","225,624","243,701","224,477","209,686","203,842","248,173"
Staff - Absence or Shortage,"128,537","56,320","111,366","162,472","149,184","137,586","164,015","141,619","166,721","116,439","37,327","159,946","201,111"
Staff Industrial Action,0,0,0,"2,175",466,0,0,0,0,0,0,"3,482,753",0
Stations,"38,072","30,471","62,461","85,866","39,769","23,849","52,504","93,355","52,409","29,294","142,022","44,751","62,870"
Track & Civils,"148,856","187,552","85,301","152,122","193,021","86,759","106,063","73,823","129,256","168,245","81,966","56,298","41,034"
Transplant Operations,0,0,0,0,0,38,0,0,29,85,444,0,0
Other,0,0,0,0,0,0,0,0,0,0,0,0,0
Vandalism,"8,833","4,106","8,781","6,998","13,947","10,757","8,443","16,534","17,009","10,299","6,596","7,547","11,650"
Weather,"1,587",0,0,"2,206","2,256",287,0,"344,493","2,399","6,003",105,"19,334",162
TOTAL,"1,674,459","1,332,503","1,534,174","1,838,159","1,749,066","1,401,638","1,684,080","1,932,919","1,731,747","1,420,964","1,522,310","4,932,056","1,467,235"
Lost Customer Hours,2014/15,,,,,,,,,,,,
Animals / Pests,"2,169","1,661",0,0,664,992,272,0,520,774,"3,585",0,146
ATP / ATO,"30,516","28,425","10,850","34,276","28,841","47,329","22,955","22,568","14,992","25,322","32,978","7,453","26,124"
Bridge Strike,"1,790",3,87,12,7,"1,327",13,0,173,0,110,19,226
Crowding,"29,282","27,129","7,802","8,358","10,538","2,549","26,754","17,160","17,183","6,685","19,202","32,473","12,543"
Customers & Public,"268,120","190,251","227,043","261,705","223,196","223,453","297,546","383,058","347,786","277,776","256,014","209,998","389,051"
External Properties,"5,528","1,012",482,0,"1,124","7,063","65,291","2,040","2,597","1,542",187,"1,086",519
Fleet,"255,128","236,899","308,695","382,697","341,970","273,037","249,822","293,662","450,806","252,355","300,334","289,240","277,201"
Gas / Water / Sewage,"8,767","14,554",535,0,"1,050",0,0,543,"6,811",0,237,0,0
National Rail Operations,"11,440","9,276","10,364","13,193","29,906","27,922","20,329","51,240","50,497","7,144","25,291","8,056","7,245"
Other LU Operations,"3,407","2,141","1,608","1,837","1,341","1,268","2,813","3,954","5,959","6,645","2,867","3,646","3,030"
Power Failure,"20,436",835,"63,107","1,402",781,274,"2,029","5,646",44,"4,827","79,784","5,753","11,696"
Safety & Security,"5,867","7,652","6,518","15,769","24,375","11,612","18,687","3,703","20,042","6,587","19,570","5,834","15,312"
Signals,"165,502","242,285","289,235","288,751","277,739","283,612","192,264","242,193","371,004","180,919","351,728","202,831","182,790"
Staff,"209,635","187,847","253,079","209,883","232,749","276,689","214,378","179,728","183,553","154,372","170,610","201,859","162,792"
Staff - Absence or Shortage,"119,109","76,761","131,157","138,583","188,385","166,430","236,498","105,183","122,248","103,595","95,526","98,924","92,938"
Staff Industrial Action,0,"3,181,918",0,167,0,"584,596",0,0,"51,132",0,0,0,"3,814"
Stations,"28,841","59,022","51,835","54,811","61,141","39,829","33,920","74,725","56,542","37,496","48,807","62,177","79,901"
Track & Civils,"59,846","110,656","50,571","45,075","79,986","151,184","191,988","52,726","74,038","84,705","80,565","299,317","50,112"
Transplant Operations,137,"10,933",49,64,0,"1,697","168,908",0,0,"1,566",301,793,"3,312"
Other,50,0,0,0,0,628,0,0,0,0,0,475,0
Vandalism,"6,700","11,587","10,745","10,269","8,961","6,527","9,803","10,974","15,438","10,574","24,967","6,256","10,314"
Weather,0,53,"7,917",609,"15,560","3,426","33,479",401,"3,477","2,297",593,"11,764","2,141"
TOTAL,"1,232,270","4,400,900","1,431,679","1,467,461","1,528,313","2,111,445","1,787,750","1,449,503","1,794,842","1,165,182","1,513,254","1,447,954","1,331,204"
Lost Customer Hours,2015/16,,,,,,,,,,,,
Animals / Pests,0,256,"3,537",331,120,266,0,"1,092","2,291",636,0,0,0
ATP / ATO,"40,447","21,139","17,241","27,191","12,550","10,890","20,042","16,536","33,561","17,025","30,985","31,798","1,576"
Bridge Strike,21,23,"4,140",0,47,0,0,0,4,0,0,2,0
Crowding,"13,679","9,389","23,987","22,197","13,302","11,657","33,828","58,511","50,009","18,118","55,549","43,213","49,213"
Customers & Public,"343,387","259,196","285,637","331,765","233,368","237,143","263,548","320,136","275,745","177,098","291,535","317,180","298,350"
External Properties,"5,826","1,462",0,"6,346","5,048",401,"4,753","2,654","2,553",17,0,"76,910","2,570"
Fleet,"270,511","240,383","301,972","341,296","360,213","439,819","543,162","432,164","718,224","223,457","390,642","272,258","292,432"
Gas / Water / Sewage,160,0,0,0,0,195,0,150,"1,299",89,0,0,0
National Rail Operations,"11,159","8,164","23,789","9,528","23,822","51,690","6,308","38,181","7,554","6,056","14,599","32,727","31,570"
Other LU Operations,"10,803",28,460,414,"1,006","10,658","4,216","1,664","7,232","1,459","16,377","3,625","10,955"
Power Failure,"22,386","1,652","6,834","7,365","15,460","2,277","4,525","2,170",0,"2,596","16,146","6,353","250,329"
Safety & Security,"6,147","7,626","17,066","15,516","16,657","19,288","18,278","11,491","44,818","21,701","19,267","9,363","5,696"
Signals,"268,991","115,079","226,322","229,857","157,253","147,953","377,451","119,088","144,311","111,557","150,065","190,082","145,811"
Staff,"163,541","180,215","178,256","171,890","194,425","258,067","155,658","220,899","210,470","117,067","189,228","175,571","190,823"
Staff - Absence or Shortage,"108,059","101,030","141,957","88,810","93,916","97,962","80,774","68,502","124,642","63,524","62,262","174,604","125,851"
Staff Industrial Action,0,0,0,"3,498,566","3,961,785","212,803",0,0,0,0,"125,851",0,"291,059"
Stations,"35,466","45,049","47,620","70,269","36,461","77,519","55,950","33,669","33,472","12,821","41,081","51,351","26,918"
Track & Civils,"372,576","45,638","103,946","87,364","76,290","78,989","63,419","166,792","29,264","26,256","79,187","95,829","73,960"
Transplant Operations,330,"1,378","1,552",183,149,0,"3,201","3,121","2,491","1,641","2,457","3,592","1,731"
Other,0,0,0,0,0,0,0,668,0,0,"6,492",0,0
Vandalism,"5,510","10,469","8,841","7,446","23,959","11,504","6,005","22,548","9,695","7,042","13,442","11,876","22,859"
Weather,343,0,0,128,14,"4,393",915,"3,604",83,0,66,0,"26,024"
TOTAL,"1,679,343","1,048,174","1,393,156","4,916,461","5,225,844","1,673,474","1,642,033","1,523,639","1,697,720","808,160","1,505,232","1,496,334","1,847,729"
Lost Customer Hours,2016/17,,,,,,,,,,,,
Animals / Pests,"4,530",16,0,195,"9,061",0,"2,481","2,306",0,0,12,269,"2,016"
ATP / ATO,"13,260","13,505","18,131","11,467","22,433","8,514","13,425","37,301","45,570","22,556","16,819","9,031","10,741"
Bridge Strike,0,0,0,13,282,12,188,237,85,22,172,0,0
Crowding,"59,487","10,923","18,288","22,269","17,262","26,227","10,811","23,273","46,111","12,656","48,624","48,112","12,831"
Customers & Public,"275,044","434,207","288,238","398,446","309,609","388,529","352,332","319,269","454,474","197,502","300,749","428,321","303,550"
External Properties,"2,262",639,507,"13,864","11,753","1,522","7,013","3,445","1,837","2,431","5,394",49,"2,196"
Fleet,"362,463","231,623","267,117","365,481","280,616","380,279","365,190","329,733","2,258,547","702,532","369,445","220,444","249,683"
Gas / Water / Sewage,0,20,0,492,"1,382","3,133",0,"1,528",225,0,0,262,0
National Rail Operations,"35,351","15,414","69,918","15,632","27,980","43,991","24,804","52,894","31,714","10,734","49,723","40,954","12,502"
Other LU Operations,"2,821","2,963","4,443","10,802","3,434","1,849","2,772","5,340","3,270","5,793","4,746","2,284","8,116"
Power Failure,"3,735","4,353","1,247","79,897","8,827","28,921","27,593","9,339","22,448","3,313","13,601",909,"8,225"
Safety & Security,"16,052","18,726","20,377","33,165","26,648","10,972","8,021","43,266","9,981","54,120","17,848","36,661","34,615"
Signals,"184,649","244,891","218,270","337,056","255,609","310,468","158,903","179,199","143,959","177,884","174,112","170,695","125,618"
Staff,"200,936","151,625","178,477","183,497","180,281","229,125","223,304","168,771","244,053","261,485","174,266","154,492","372,057"
Staff - Absence or Shortage,"162,703","94,067","130,463","210,936","241,009","223,704","147,012","424,526","278,072","277,898","416,462","382,959","268,258"
Staff Industrial Action,0,0,0,0,0,"82,466",0,0,0,0,"1,909,572","448,184","3,227"
Stations,"45,113","37,923","116,177","65,617","37,752","44,549","51,517","32,790","37,612","45,053","70,311","129,884","42,437"
Track & Civils,"25,602","60,692","74,717","122,901","42,671","45,135","30,429","21,363","116,867","35,376","206,222","64,806","55,192"
Transplant Operations,597,425,"1,414",93,"11,238","1,436","2,926","1,880","1,652",0,30,"3,843",567
Other,0,"2,811",0,239,0,0,0,0,0,0,0,0,0
Vandalism,"32,491","9,299","6,260","9,328","11,498","8,038","10,330","7,895","65,058","28,233","11,076","23,950","10,156"
Weather,"4,415","7,865","430,733",308,0,197,211,0,24,0,"3,145","62,047",0
TOTAL,"1,431,513","1,341,990","1,844,777","1,881,697","1,499,344","1,839,068","1,439,262","1,664,357","3,761,560","1,837,588","3,792,330","2,228,155","1,521,988"
Lost Customer Hours,2017/18,,,,,,,,,,,,
Animals / Pests,41,5,46,1168,176,1647,0,163,598,335,77,1536,142
ATP / ATO,5069,1638,10229,21570,26724,25638,30010,10170,19940,5364,12039,4327,7297
Bridge Strike,388,7,0,351,71,37,0,534,22,256,35,0,1
Crowding,18210,15269,12309,49342,6558,14480,32576,51530,51598,13278,20552,59536,48238
Customers & Public,286818,390749,347329,311936,377987,254302,334976,280270,512009,223065,402605,306011,343018
External Properties,3154,816,451,4835,859,442,1206,297,495,1632,2945,38210,0
Fleet,306448,423791,451010,427323,361096,344574,371034,315765,420759,391076,377352,383344,472877
Gas / Water / Sewage,0,0,43,61,262,0,0,0,0,168,6304,2284,4745
National Rail Operations,1409,0,0,0,0,0,0,137,0,0,0,0,0
Other LU Operations,2061,2734,1293,335,845,2165,4521,1465,4004,5740,977,1921,2475
Power Failure,1323,2559,4427,2076,2550,880,310,1503,2954,347,9156,1835,1041
Safety & Security,39650,34572,75223,20861,14458,22827,73474,27246,42366,15893,19426,19824,30029
Signals,173488,109917,226755,211635,236029,236474,232768,235922,237784,117524,203115,258257,321110
Staff,173866,199518,254465,249005,212128,214017,260227,192492,231969,198500,206933,178241,192625
Staff - Absence or Shortage,300485,320306,436617,510750,367941,488601,380728,271114,270100,290766,221829,295806,384039
Staff Industrial Action,292,0,0,0,151653,0,0,0,0,0,0,0,0
Stations,50103,44036,51267,57818,42345,27957,36090,48098,40612,37147,38955,45471,94721
Track & Civils,40371,62191,45530,29559,109749,34498,64672,133473,59176,17077,244328,151012,82489
Transplant Operations,0,12,30,3947,2218,176,1444,17547,2485,0,0,194,261
Other,0,0,0,0,0,0,0,0,0,0,0,0,0
Vandalism,10832,14067,17646,14400,25008,14510,29830,16192,29406,23053,7511,31035,12103
Weather,0,60,9571,371,1081,529,441,2864,13686,158878,2791,372173,12208
TOTAL,1414008,1622247,1944241,1917343,1939738,1683754,1854307,1606782,1939963,1500099,1776930,2151017,2009419
Lost Customer Hours,2018/19,,,,,,,,,,,,
Animals / Pests,10.39,"1,759","1,527",7,195,0,"5,028",507,209,0,238,707,0
ATP / ATO,25765.29,"17,751","22,003","58,545","19,652","30,476","29,413","58,122","31,518","14,000","22,613","29,325","53,490"
Bridge Strike,128.54,125,0,0,0,0,72,723,0,"11,016",295,0,0
Crowding,52389.9,"10,730","20,535","2,126",536,"1,026","12,536","10,510","1,146",809,"1,251",0,0
Customers & Public,309253.21,"442,511","252,635","382,598","416,722","291,427","345,980","437,297","463,990","222,041","333,802","430,572","465,863"
External Properties,292.33,252,0,0,0,188,268,841,"3,647",0,"2,037",0,"3,574"
Fleet,356566.3,"374,557","383,453","470,638","410,630","353,516","383,104","519,516","577,358","373,541","406,679","553,759","565,457"
Gas / Water / Sewage,19104.09,49,0,0,0,0,0,0,"13,059",0,0,0,0
National Rail Operations,6485.6,"8,971","35,625","21,285","11,280",880,"1,824","8,811","3,694",0,0,0,0
Other LU Operations,2215.08,"2,132","1,275","5,274",548,641,641,"2,443","8,995","2,876","1,146","1,678","1,404"
Power Failure,331286.51,"4,300","10,132","14,040","6,716","5,269","1,471","13,190","2,698","4,340","1,687","1,272",237
Safety & Security,14866.23,"19,102","69,287","7,237","25,502","8,462","8,763","24,188","11,032","16,727","41,583","28,888","52,748"
Signals,283713.95,"231,169","227,556","282,979","318,619","143,750","237,168","257,055","168,681","105,878","145,689","240,895","172,812"
Staff,188890.79,"161,587","226,907","192,311","151,008","133,533","151,517","174,878","190,988","127,828","118,233","188,499","234,325"
Staff - Absence or Shortage,229954.69,"172,198","300,622","189,646","387,791","249,104","273,595","353,630","321,628","251,478","253,915","629,033","677,441"
Staff Industrial Action,116714.17,0,0,0,0,0,"1,282,517","679,537",0,0,0,0,0
Stations,41440.47,"36,952","34,613","59,569","227,202","51,537","70,241","46,735","77,279","27,691","56,155","79,529","104,394"
Track & Civils,101273.72,"72,222","240,078","93,274","63,226","30,657","77,757","76,813","13,497","46,296","56,592","37,675","67,042"
Transplant Operations,757.66,743,0,0,0,70,"2,544","1,166","1,549",889,80,0,106
Other,0,0,0,309,0,0,0,0,0,0,0,0,0
Vandalism,7623,"38,431","18,387","8,427","15,810","9,696","27,637","17,288","17,687","13,412","18,990","18,166","24,540"
Weather,2765.03,"2,986",770,142,298,0,"9,776",0,47,261,"18,342","23,218","2,126"
TOTAL,2091496.95,1598528.27,1845406.48,1788405.9,2055734.84,1310232.55,"2,921,853","2,683,250","1,908,701","1,219,083","1,479,327","2,263,216","2,425,559"
Lost Customer Hours,2019/20,,,,,,,,,,,,
Animals / Pests,1389,,,,,,,,,,,,
ATP / ATO,31408,,,,,,,,,,,,
Bridge Strike,8,,,,,,,,,,,,
Crowding,0,,,,,,,,,,,,
Customers & Public,394175,,,,,,,,,,,,
External Properties,0,,,,,,,,,,,,
Fleet,483212,,,,,,,,,,,,
Gas / Water / Sewage,11,,,,,,,,,,,,
National Rail Operations,0,,,,,,,,,,,,
Other LU Operations,838,,,,,,,,,,,,
Power Failure,5806,,,,,,,,,,,,
Safety & Security,20862,,,,,,,,,,,,
Signals,307568,,,,,,,,,,,,
Staff,191161,,,,,,,,,,,,
Staff - Absence or Shortage,778245,,,,,,,,,,,,
Staff Industrial Action,0,,,,,,,,,,,,
Stations,52542,,,,,,,,,,,,
Track & Civils,71308,,,,,,,,,,,,
Transplant Operations,4716,,,,,,,,,,,,
Other,0,,,,,,,,,,,,
Vandalism,70214,,,,,,,,,,,,
Weather,369,,,,,,,,,,,,
TOTAL,"2,413,832",,,,,,,,,,,,
