% of Schedule Operated,,,,,,,,,,,,,,,,,,,
Schedule Operated,2004/05,2005/06,2006/07,2007/08,2008/09,2009/10,2010/11,2011/12,2012/13,2013/14,2014/15,2015/16,2016/17,,,,,,
Bakerloo,95.10%,95.50%,95.40%,94.00%,96.00%,96.70%,95.80%,97.50%,95.90%,97.80%,97.80%,97.10%,96.70%,,,,,,
Central,96.20%,97.10%,96.80%,95.50%,96.90%,97.50%,96.30%,96.70%,97.60%,97.20%,96.30%,96.00%,96.20%,,,,,,
Waterloo & City,96.50%,96.50%,97.70%,95.50%,93.50%,95.20%,95.80%,98.00%,98.30%,97.50%,97.60%,97.60%,97.60%,,,,,,
Circle & Ham,92.90%,85.10%,90.10%,87.50%,88.90%,90.80%,92.00%,94.60%,95.00%,94.90%,95.90%,94.60%,93.20%,,,,,,
District,96.60%,93.10%,95.40%,95.60%,96.60%,97.50%,95.90%,97.70%,97.70%,97.80%,97.60%,97.20%,97.60%,,,,,,
Jubilee,96.90%,96.50%,96.60%,94.80%,94.90%,95.50%,93.70%,96.50%,97.70%,97.80%,98.00%,98.00%,98.60%,,,,,,
Metropolitan,96.20%,96.50%,95.80%,96.50%,96.90%,96.50%,93.80%,96.20%,96.70%,97.30%,97.80%,97.50%,97.80%,,,,,,
Northern,93.50%,90.60%,90.60%,95.80%,98.20%,98.10%,97.40%,98.60%,98.70%,98.60%,98.90%,98.40%,98.90%,,,,,,
Piccadilly,94.20%,90.80%,93.60%,93.20%,96.70%,96.10%,95.70%,96.40%,97.90%,97.20%,97.00%,95.60%,93.40%,,,,,,
Victoria,96.50%,96.50%,96.40%,96.00%,97.80%,96.50%,95.70%,97.10%,98.40%,97.40%,98.10%,98.20%,98.00%,,,,,,
TOTAL ALL LINES,95.30%,93.50%,94.50%,94.80%,96.40%,96.60%,95.60%,97.00%,97.60%,97.50%,97.60%,97.10%,96.90%,,,,,,
,1,2,3,4,5,6,7,8,9,10,11,12,13,,,,,,
% of Schedule Operated,2003/04,,,,,,,,,,,,,,,,,,
Bakerloo,92.40%,92.90%,94.00%,95.70%,93.50%,96.10%,95.90%,93.20%,95.20%,95.80%,96.10%,93.70%,85.90%,,,,,,
Central,70.30%,90.70%,95.70%,94.20%,94.60%,93.70%,94.60%,92.90%,95.00%,96.50%,97.50%,97.80%,95.80%,,,,,,
Waterloo & City,89.80%,94.90%,96.00%,95.00%,94.70%,94.40%,94.50%,93.90%,97.20%,97.70%,98.60%,98.70%,97.90%,,,,,,
Circle & Ham,86.20%,87.60%,82.40%,86.00%,85.40%,82.10%,85.90%,84.40%,78.50%,86.30%,88.50%,88.90%,90.40%,,,,,,
District,97.20%,97.40%,92.90%,95.80%,94.80%,93.90%,96.40%,95.20%,94.30%,97.20%,96.10%,95.20%,95.70%,,,,,,
Jubilee,97.20%,97.90%,96.00%,96.30%,94.90%,95.50%,94.00%,90.90%,96.00%,95.60%,94.10%,98.00%,95.50%,,,,,,
Metropolitan,95.60%,97.10%,95.30%,96.10%,94.90%,95.60%,96.40%,93.50%,90.10%,92.10%,93.70%,95.20%,95.40%,,,,,,
Northern,96.70%,96.20%,96.70%,92.70%,96.00%,95.00%,94.70%,68.00%,78.20%,83.20%,91.80%,94.80%,94.70%,,,,,,
Piccadilly,93.80%,92.90%,92.60%,90.10%,90.70%,91.30%,92.30%,92.50%,95.60%,94.10%,95.20%,91.40%,90.70%,,,,,,
Victoria,94.90%,92.90%,94.30%,92.20%,89.10%,91.60%,93.60%,90.00%,89.50%,95.30%,96.60%,95.20%,95.90%,,,,,,
TOTAL ALL LINES,91.70%,94.40%,94.00%,93.40%,93.30%,93.30%,94.10%,88.20%,90.50%,92.80%,94.60%,94.80%,93.90%,,,,,,
% of Schedule Operated,2004/05,,,,,,,,,,,,,,,,,,
Bakerloo,96.30%,95.90%,94.40%,91.00%,92.80%,96.60%,96.70%,96.40%,93.90%,96.30%,95.40%,94.30%,96.70%,,,,,,
Central,97.50%,95.20%,95.90%,91.60%,93.90%,95.90%,96.90%,96.00%,98.40%,98.50%,97.70%,96.10%,96.70%,,,,,,
Waterloo & City,99.40%,96.50%,96.10%,94.80%,94.20%,93.00%,95.00%,97.90%,98.00%,98.60%,98.80%,96.50%,95.90%,,,,,,
Circle & Ham,90.30%,92.70%,93.00%,89.70%,91.40%,94.90%,92.30%,92.80%,95.00%,93.80%,95.30%,92.80%,94.00%,,,,,,
District,96.40%,98.20%,98.20%,93.70%,96.90%,97.40%,96.60%,97.70%,96.30%,97.50%,96.60%,95.10%,94.60%,,,,,,
Jubilee,96.60%,97.70%,96.70%,94.00%,97.10%,97.20%,98.20%,98.00%,96.80%,98.10%,97.70%,94.90%,96.40%,,,,,,
Metropolitan,96.20%,96.60%,95.50%,94.40%,92.10%,97.70%,97.50%,96.40%,97.10%,96.60%,98.10%,96.50%,97.00%,,,,,,
Northern,95.70%,93.20%,96.20%,89.70%,91.70%,95.30%,93.00%,92.90%,91.10%,94.50%,94.80%,92.50%,95.30%,,,,,,
Piccadilly,95.10%,96.00%,94.70%,90.80%,91.70%,95.60%,96.00%,93.10%,93.60%,91.60%,95.20%,95.90%,94.60%,,,,,,
Victoria,96.10%,97.20%,96.30%,92.80%,95.50%,97.80%,96.20%,96.60%,95.60%,97.40%,98.10%,97.90%,97.80%,,,,,,
TOTAL ALL LINES,95.90%,95.80%,95.90%,91.90%,93.70%,96.40%,95.90%,95.30%,95.10%,95.80%,96.40%,95.10%,95.80%,,,,,,
% of Schedule Operated,2005/06,,,,,,,,,,,,,,,,,,
Bakerloo,95.60%,97.70%,96.50%,90.60%,94.80%,96.70%,98.00%,94.20%,96.00%,95.00%,96.30%,93.30%,96.30%,,,,,,
Central,98.60%,97.90%,96.10%,93.30%,97.10%,95.40%,97.10%,98.00%,97.20%,98.60%,97.20%,99.10%,97.30%,,,,,,
Waterloo & City,93.90%,99.10%,96.70%,92.10%,98.00%,97.50%,98.50%,96.00%,97.10%,98.10%,94.30%,98.40%,96.00%,,,,,,
Circle & Ham,94.20%,94.00%,94.80%,40.10%,53.70%,84.50%,87.50%,90.90%,90.70%,91.80%,94.80%,93.90%,94.90%,,,,,,
District,94.50%,96.20%,95.50%,89.50%,94.30%,94.20%,93.70%,94.60%,91.80%,92.40%,92.10%,90.80%,91.20%,,,,,,
Jubilee,97.50%,96.50%,96.60%,94.60%,97.10%,97.90%,97.60%,96.90%,95.90%,95.70%,97.30%,93.60%,96.50%,,,,,,
Metropolitan,98.10%,97.20%,95.90%,89.10%,97.10%,96.10%,98.10%,97.40%,96.20%,96.90%,97.60%,97.30%,97.40%,,,,,,
Northern,95.30%,94.80%,97.80%,88.10%,95.70%,93.40%,71.00%,87.10%,89.50%,91.80%,86.70%,92.60%,94.20%,,,,,,
Piccadilly,97.60%,97.10%,96.50%,58.40%,73.80%,94.60%,94.80%,93.80%,95.10%,96.20%,94.00%,95.50%,93.60%,,,,,,
Victoria,97.20%,98.10%,98.00%,90.80%,95.70%,97.20%,97.70%,98.00%,95.00%,96.20%,96.50%,97.60%,97.20%,,,,,,
TOTAL ALL LINES,96.60%,96.60%,96.50%,82.70%,90.40%,94.70%,91.50%,94.30%,94.00%,95.00%,94.10%,94.90%,95.10%,,,,,,
% of Schedule Operated,2006/07,,,,,,,,,,,,,,,,,,
Bakerloo,94.90%,95.80%,97.20%,94.40%,96.60%,95.80%,95.60%,94.00%,95.80%,97.90%,93.10%,94.80%,94.90%,,,,,,
Central,99.40%,98.90%,95.50%,97.30%,97.00%,97.70%,97.80%,96.60%,88.60%,97.30%,97.30%,96.80%,97.80%,,,,,,
Waterloo & City,0.00%,0.00%,0.00%,0.00%,0.00%,96.20%,97.20%,99.20%,94.00%,94.60%,98.80%,99.90%,99.60%,,,,,,
Circle & Ham,93.40%,89.80%,93.90%,89.70%,92.40%,92.40%,91.50%,89.30%,89.30%,88.70%,85.40%,87.80%,88.80%,,,,,,
District,93.90%,94.70%,95.30%,95.80%,96.40%,96.30%,96.00%,95.40%,94.60%,96.50%,93.50%,95.70%,96.00%,,,,,,
Jubilee,97.90%,96.30%,97.00%,96.20%,96.60%,96.30%,97.20%,95.60%,96.60%,97.50%,97.40%,95.00%,96.00%,,,,,,
Metropolitan,97.30%,96.40%,96.90%,93.80%,95.40%,95.70%,96.40%,97.00%,94.50%,96.30%,95.60%,95.50%,94.40%,,,,,,
Northern,89.60%,89.60%,88.10%,87.90%,88.70%,89.60%,92.00%,91.20%,88.40%,93.50%,90.80%,93.80%,94.60%,,,,,,
Piccadilly,94.50%,94.90%,94.60%,92.10%,93.00%,96.20%,93.30%,93.80%,90.80%,93.20%,92.70%,92.30%,95.90%,,,,,,
Victoria,97.10%,95.80%,98.10%,92.30%,92.70%,94.90%,97.40%,98.30%,95.00%,97.40%,98.90%,96.30%,98.20%,,,,,,
TOTAL ALL LINES,95.10%,94.80%,94.60%,93.30%,94.10%,95.00%,95.20%,94.60%,92.00%,95.40%,94.10%,94.50%,95.60%,,,,,,
% of Schedule Operated,2007/08,,,,,,,,,,,,,,,,,,
Bakerloo,95.10%,92.90%,93.40%,89.80%,93.70%,90.50%,95.10%,94.80%,96.30%,95.50%,96.90%,93.70%,94.10%,,,,,,
Central,97.40%,97.80%,96.60%,92.70%,97.00%,89.60%,97.00%,94.80%,95.20%,93.80%,96.60%,96.40%,96.20%,,,,,,
Waterloo & City,99.90%,99.80%,98.50%,99.20%,98.70%,86.90%,94.80%,94.40%,92.50%,94.60%,95.00%,95.70%,93.00%,,,,,,
Circle & Ham,88.90%,90.60%,90.20%,88.30%,82.00%,81.60%,84.70%,89.60%,86.20%,87.40%,90.70%,87.40%,89.80%,,,,,,
District,97.10%,96.40%,96.00%,95.10%,96.30%,88.00%,96.80%,97.00%,94.80%,97.10%,96.10%,96.20%,96.60%,,,,,,
Jubilee,95.50%,96.30%,95.30%,95.70%,95.30%,95.90%,93.00%,95.90%,94.80%,95.00%,91.60%,92.70%,94.90%,,,,,,
Metropolitan,97.50%,97.80%,95.70%,96.80%,97.70%,89.20%,97.10%,97.80%,96.10%,98.10%,96.30%,97.60%,97.10%,,,,,,
Northern,94.90%,96.50%,94.20%,94.70%,95.60%,94.20%,95.40%,94.80%,95.70%,96.30%,96.40%,97.40%,99.30%,,,,,,
Piccadilly,94.50%,95.90%,95.10%,93.50%,92.50%,92.00%,92.70%,91.90%,87.80%,92.00%,94.00%,94.80%,95.40%,,,,,,
Victoria,92.30%,97.80%,94.40%,94.70%,96.50%,91.30%,96.70%,97.30%,97.90%,97.10%,97.20%,97.80%,96.20%,,,,,,
TOTAL ALL LINES,95.30%,96.30%,95.00%,94.00%,94.90%,90.90%,94.80%,94.90%,93.80%,94.90%,95.30%,95.50%,96.10%,,,,,,
% of Schedule Operated,2008/09,,,,,,,,,,,,,,,,,,
Bakerloo,96.60%,97.30%,97.20%,97.30%,95.50%,95.60%,95.80%,95.00%,96.30%,96.80%,97.00%,90.70%,97.40%,,,,,,
Central,96.30%,97.10%,98.00%,95.90%,95.60%,97.10%,96.80%,95.80%,98.00%,98.30%,97.10%,95.30%,98.00%,,,,,,
Waterloo & City,94.40%,89.60%,94.50%,93.80%,91.70%,93.20%,94.00%,91.50%,92.10%,96.30%,96.60%,93.70%,94.80%,,,,,,
Circle & Ham,89.00%,88.90%,86.20%,88.50%,86.10%,87.40%,90.60%,89.20%,90.20%,88.90%,93.00%,84.80%,92.40%,,,,,,
District,97.40%,95.90%,93.40%,96.10%,96.50%,97.50%,96.50%,97.50%,97.30%,97.50%,98.10%,93.50%,98.30%,,,,,,
Jubilee,94.90%,96.20%,95.10%,93.30%,94.60%,96.40%,97.10%,94.90%,93.50%,96.10%,94.90%,91.70%,95.20%,,,,,,
Metropolitan,97.80%,97.20%,97.60%,98.20%,97.70%,97.80%,97.90%,95.80%,97.60%,98.10%,95.90%,91.80%,96.70%,,,,,,
Northern,98.80%,98.80%,98.00%,98.70%,97.60%,98.30%,98.20%,98.00%,97.30%,98.50%,98.40%,97.00%,98.60%,,,,,,
Piccadilly,97.60%,97.10%,96.00%,94.90%,95.90%,97.60%,97.80%,98.60%,96.40%,95.90%,97.50%,94.30%,97.60%,,,,,,
Victoria,97.70%,98.10%,95.30%,99.10%,98.50%,97.80%,96.30%,98.20%,97.30%,98.90%,98.60%,96.10%,98.80%,,,,,,
TOTAL ALL LINES,96.80%,96.70%,95.90%,96.10%,95.80%,96.90%,96.90%,96.50%,96.50%,97.10%,97.10%,93.80%,97.40%,,,,,,
% of Schedule Operated,2009/10,,,,,,,,,,,,,,,,,,
Bakerloo,97.10%,98.20%,90.20%,97.10%,97.90%,98.20%,96.10%,96.70%,97.80%,96.90%,96.10%,97.60%,97.40%,,,,,,
Central,98.10%,98.40%,93.00%,98.20%,98.00%,98.40%,98.30%,98.10%,97.40%,95.70%,98.00%,97.30%,98.50%,,,,,,
Waterloo & City,92.90%,97.30%,87.50%,97.70%,96.40%,96.00%,94.50%,92.90%,96.90%,94.50%,95.80%,97.50%,98.10%,,,,,,
Circle & Ham,93.60%,94.00%,84.80%,91.00%,91.00%,91.40%,91.50%,92.50%,88.30%,88.20%,92.10%,92.00%,89.60%,,,,,,
District,97.70%,99.00%,90.90%,98.20%,97.70%,98.30%,98.30%,98.50%,97.90%,96.50%,97.00%,98.50%,98.70%,,,,,,
Jubilee,95.90%,95.90%,90.90%,95.30%,96.10%,97.30%,95.70%,95.70%,96.70%,95.10%,94.90%,96.10%,95.90%,,,,,,
Metropolitan,97.50%,98.00%,91.10%,96.30%,97.50%,96.90%,97.90%,97.70%,96.00%,95.40%,95.60%,97.90%,97.50%,,,,,,
Northern,98.30%,98.90%,95.70%,98.30%,98.40%,98.90%,98.30%,98.70%,98.00%,97.70%,98.30%,97.40%,98.70%,,,,,,
Piccadilly,96.80%,97.40%,89.20%,96.00%,96.30%,97.80%,97.80%,96.80%,95.20%,94.70%,96.00%,98.00%,96.70%,,,,,,
Victoria,95.20%,94.10%,90.90%,98.90%,95.00%,97.50%,97.50%,96.50%,97.70%,97.20%,97.70%,99.00%,97.60%,,,,,,
TOTAL ALL LINES,97.10%,97.60%,91.50%,97.00%,97.00%,97.70%,97.40%,97.30%,96.60%,95.60%,96.70%,97.40%,97.30%,,,,,,
% of Schedule Operated,2010/11,,,,,,,,,,,,,,,,,,
Bakerloo,98.30%,97.70%,97.20%,98.10%,98.70%,95.60%,94.80%,94.60%,95.00%,89.80%,95.40%,95.70%,94.60%,,,,,,
Central,97.10%,97.00%,97.60%,98.10%,99.10%,95.50%,93.80%,94.70%,93.60%,93.60%,97.40%,96.80%,98.20%,,,,,,
Waterloo & City,96.80%,96.40%,95.40%,97.20%,98.30%,91.20%,95.60%,93.90%,90.20%,95.90%,99.30%,97.20%,98.70%,,,,,,
Circle & Ham,89.90%,94.10%,93.40%,90.70%,97.80%,89.40%,88.90%,88.80%,90.00%,91.80%,93.50%,94.80%,95.10%,,,,,,
District,98.50%,98.70%,98.30%,92.00%,98.60%,93.60%,90.00%,94.40%,94.40%,95.00%,96.90%,98.70%,97.80%,,,,,,
Jubilee,97.10%,96.60%,95.80%,92.70%,97.70%,95.00%,92.40%,87.40%,92.60%,85.80%,92.50%,96.30%,97.10%,,,,,,
Metropolitan,97.40%,98.50%,97.00%,94.20%,95.40%,93.90%,88.80%,90.60%,91.50%,88.50%,93.80%,94.20%,96.60%,,,,,,
Northern,98.70%,98.60%,98.60%,97.90%,97.10%,97.10%,96.80%,97.00%,96.40%,93.50%,98.00%,98.10%,98.40%,,,,,,
Piccadilly,98.30%,96.00%,95.70%,97.30%,98.50%,95.00%,94.00%,90.00%,94.40%,90.90%,98.60%,97.20%,98.50%,,,,,,
Victoria,96.30%,98.10%,97.60%,94.70%,97.20%,94.80%,94.40%,94.60%,94.50%,95.00%,96.70%,94.00%,96.30%,,,,,,
TOTAL ALL LINES,97.40%,97.40%,97.00%,95.70%,97.90%,94.90%,93.00%,92.90%,93.90%,91.90%,96.40%,96.60%,97.50%,,,,,,
% of Schedule Operated,2011/12,,,,,,,,,,,,,,,,,,
Bakerloo,97.70%,97.30%,96.50%,97.90%,97.60%,97.50%,97.30%,96.20%,97.60%,97.90%,98.40%,97.10%,99.10%,,,,,,
Central,96.80%,98.10%,97.80%,96.90%,96.60%,97.20%,94.40%,97.30%,96.60%,95.50%,97.30%,95.40%,97.50%,,,,,,
Waterloo & City,98.50%,99.30%,95.30%,98.00%,97.90%,98.10%,98.80%,98.40%,99.50%,98.40%,96.90%,97.40%,97.90%,,,,,,
Circle & Ham,94.60%,95.90%,94.50%,93.80%,95.80%,92.10%,93.90%,96.20%,96.70%,93.40%,94.90%,93.70%,94.50%,,,,,,
District,97.30%,99.00%,98.60%,98.10%,98.40%,97.80%,96.80%,97.90%,98.20%,96.40%,97.80%,95.90%,98.00%,,,,,,
Jubilee,96.30%,96.90%,97.80%,96.00%,96.40%,93.60%,97.80%,97.70%,97.40%,96.90%,97.10%,93.50%,97.00%,,,,,,
Metropolitan,97.00%,96.90%,95.80%,94.90%,96.00%,96.40%,97.40%,97.30%,96.40%,95.60%,94.70%,95.60%,96.50%,,,,,,
Northern,98.50%,98.20%,98.90%,98.90%,98.80%,98.70%,98.90%,98.50%,99.20%,97.80%,98.70%,98.90%,98.20%,,,,,,
Piccadilly,96.50%,96.00%,97.90%,95.70%,96.50%,97.70%,95.60%,97.60%,96.80%,96.00%,95.90%,94.40%,96.90%,,,,,,
Victoria,96.30%,95.50%,97.00%,97.20%,97.00%,96.40%,96.30%,96.20%,96.70%,97.90%,98.60%,98.80%,98.20%,,,,,,
TOTAL ALL LINES,97.00%,97.30%,97.60%,96.80%,97.10%,96.80%,96.50%,97.50%,97.40%,96.40%,97.10%,95.90%,97.40%,,,,,,
% of Schedule Operated,2012/13,,,,,,,,,,,,,,,,,,
Bakerloo,96.00%,97.40%,98.10%,97.50%,98.20%,98.70%,98.70%,97.80%,99.20%,97.00%,90.10%,86.70%,91.80%,,,,,,
Central,96.10%,98.10%,93.90%,98.80%,97.00%,99.40%,98.70%,97.10%,98.50%,96.70%,98.10%,98.50%,97.90%,,,,,,
Waterloo & City,98.30%,98.80%,99.30%,97.10%,98.40%,98.60%,98.50%,98.30%,97.90%,99.90%,95.10%,99.00%,98.90%,,,,,,
Circle & Ham,95.10%,93.20%,92.40%,94.10%,97.80%,96.50%,96.10%,97.20%,94.10%,93.60%,95.20%,95.70%,94.50%,,,,,,
District,98.20%,96.00%,96.60%,97.00%,98.00%,97.60%,99.00%,98.80%,97.40%,96.50%,98.20%,98.50%,98.40%,,,,,,
Jubilee,96.00%,95.80%,96.40%,98.50%,97.50%,98.90%,99.10%,98.00%,98.10%,96.70%,98.40%,98.30%,98.30%,,,,,,
Metropolitan,94.80%,95.60%,95.70%,97.50%,97.30%,98.80%,98.70%,97.00%,97.00%,93.50%,96.10%,97.90%,97.00%,,,,,,
Northern,98.50%,98.40%,99.00%,98.60%,99.30%,99.70%,99.20%,98.50%,98.70%,98.40%,97.40%,98.90%,98.80%,,,,,,
Piccadilly,97.60%,98.10%,97.90%,97.70%,97.20%,98.50%,97.90%,98.60%,97.20%,97.00%,98.90%,97.60%,97.70%,,,,,,
Victoria,97.60%,96.70%,99.10%,98.70%,98.90%,99.40%,98.90%,98.90%,98.90%,98.30%,97.80%,98.40%,97.00%,,,,,,
TOTAL ALL LINES,96.90%,96.90%,96.70%,97.90%,97.90%,98.80%,98.60%,98.00%,97.80%,96.70%,97.40%,97.60%,97.50%,,,,,,
% of Schedule Operated,2013/14,,,,,,,,,,,,,,,,,,
Bakerloo,97.30%,98.20%,98.80%,98.30%,98.10%,98.20%,98.70%,98.40%,98.50%,98.90%,98.20%,92.60%,97.90%,,,,,,
Central,96.40%,98.10%,98.70%,97.30%,98.20%,98.50%,97.40%,96.60%,97.90%,98.10%,97.30%,92.30%,97.60%,,,,,,
Waterloo & City,98.60%,97.90%,98.20%,98.60%,99.70%,98.60%,98.60%,98.50%,98.00%,96.80%,98.90%,89.30%,96.70%,,,,,,
Circle & Ham,95.60%,95.90%,95.50%,94.40%,95.70%,96.80%,94.70%,93.90%,94.20%,93.40%,97.50%,90.00%,96.20%,,,,,,
District,97.60%,98.30%,98.80%,97.80%,98.20%,98.80%,98.50%,96.90%,98.40%,97.60%,98.60%,94.10%,97.80%,,,,,,
Jubilee,99.20%,99.00%,97.90%,98.10%,97.80%,98.90%,98.40%,97.00%,98.10%,98.00%,99.10%,91.00%,99.00%,,,,,,
Metropolitan,98.00%,98.80%,96.70%,97.90%,97.80%,98.40%,97.50%,97.90%,97.30%,97.10%,98.10%,90.60%,98.90%,,,,,,
Northern,98.70%,98.30%,99.20%,98.20%,98.30%,98.20%,98.80%,98.40%,99.00%,99.20%,99.40%,96.50%,99.10%,,,,,,
Piccadilly,95.30%,99.10%,98.30%,98.50%,98.30%,98.70%,98.10%,97.00%,96.10%,96.90%,97.60%,90.80%,98.30%,,,,,,
Victoria,98.50%,97.80%,98.50%,96.60%,97.00%,98.00%,98.30%,97.70%,97.00%,98.60%,97.10%,93.40%,97.50%,,,,,,
TOTAL ALL LINES,97.40%,98.30%,98.20%,97.70%,97.90%,98.40%,98.00%,97.20%,97.60%,97.70%,98.10%,92.50%,98.20%,,,,,,
% of Schedule Operated,2014/15,,,,,,,,,,,,,,,,,,
Bakerloo,98.80%,93.30%,99.10%,99.00%,96.90%,98.10%,97.20%,98.40%,97.00%,97.90%,98.70%,98.60%,98.10%,,,,,,
Central,97.70%,91.60%,97.00%,96.90%,95.70%,93.60%,93.90%,96.50%,97.90%,96.00%,98.20%,98.30%,98.50%,,,,,,
Waterloo & City,98.00%,90.90%,98.50%,97.50%,98.10%,94.60%,98.40%,99.30%,99.10%,98.90%,98.60%,98.30%,98.60%,,,,,,
Circle & Ham,96.90%,91.60%,96.30%,97.20%,95.90%,95.30%,95.50%,97.70%,96.30%,97.00%,94.90%,95.50%,96.30%,,,,,,
District,97.80%,93.00%,97.30%,97.80%,97.80%,98.60%,98.20%,98.40%,97.50%,98.20%,97.30%,97.50%,98.60%,,,,,,
Jubilee,99.00%,93.60%,98.20%,98.90%,98.70%,98.60%,98.80%,98.60%,96.70%,98.10%,98.10%,98.80%,98.30%,,,,,,
Metropolitan,98.90%,92.70%,98.60%,99.00%,98.30%,98.50%,98.40%,98.10%,99.00%,96.40%,97.60%,98.10%,97.80%,,,,,,
Northern,99.40%,98.00%,99.50%,99.10%,99.20%,98.40%,97.90%,99.20%,98.20%,99.40%,99.30%,99.40%,99.10%,,,,,,
Piccadilly,97.70%,90.70%,98.20%,97.10%,97.40%,98.80%,98.20%,97.80%,95.50%,96.80%,96.90%,97.40%,98.60%,,,,,,
Victoria,97.90%,94.90%,99.00%,97.60%,98.90%,98.40%,98.80%,98.50%,98.60%,96.90%,98.10%,99.00%,98.30%,,,,,,
TOTAL ALL LINES,98.30%,93.30%,98.10%,98.00%,97.70%,97.50%,97.40%,98.10%,97.40%,97.50%,97.90%,98.20%,98.40%,,,,,,
% of Schedule Operated,2015/16,,,,,,,,,,,,,,,,,,
Bakerloo,97.60%,98.30%,97.30%,93.80%,93.10%,98.00%,98.50%,97.00%,97.70%,99.10%,98.00%,97.40%,96.70%,,,,,,
Central,97.20%,98.40%,97.50%,92.90%,91.40%,95.80%,93.20%,95.80%,96.90%,98.30%,97.50%,97.80%,95.80%,,,,,,
Waterloo & City,98.90%,97.50%,98.40%,92.70%,92.70%,98.50%,97.40%,99.10%,98.70%,98.80%,98.40%,98.90%,98.90%,,,,,,
Circle & Ham,95.40%,97.50%,94.30%,89.30%,87.90%,96.30%,96.50%,96.70%,95.00%,97.00%,95.30%,94.40%,94.30%,,,,,,
District,98.40%,99.30%,97.80%,92.60%,89.10%,97.40%,98.30%,98.60%,98.80%,98.50%,98.80%,98.30%,98.00%,,,,,,
Jubilee,97.60%,99.40%,99.00%,94.30%,93.70%,98.50%,98.80%,99.50%,98.80%,99.40%,98.70%,97.70%,98.60%,,,,,,
Metropolitan,98.60%,99.20%,98.90%,92.70%,94.10%,98.40%,97.90%,97.80%,97.80%,98.10%,97.40%,97.70%,98.70%,,,,,,
Northern,99.10%,98.90%,99.20%,94.60%,94.70%,98.80%,99.00%,98.80%,99.30%,99.30%,99.20%,98.70%,99.40%,,,,,,
Piccadilly,97.70%,98.60%,97.40%,92.40%,93.40%,97.00%,97.40%,95.80%,91.50%,96.90%,95.00%,96.80%,92.50%,,,,,,
Victoria,98.20%,98.90%,99.20%,93.80%,94.40%,99.20%,98.80%,99.30%,99.10%,99.40%,98.70%,98.80%,98.40%,,,,,,
TOTAL ALL LINES,97.90%,98.80%,98.10%,93.20%,92.70%,97.70%,97.50%,97.70%,97.20%,98.50%,97.70%,97.80%,97.00%,,,,,,
% of Schedule Operated,2016/17,,,,,,,,,,,,,,,,,,
Bakerloo,97.20%,97.90%,96.10%,98.40%,96.90%,95.10%,96.80%,97.30%,97.40%,98.80%,93.30%,96.50%,96.10%,,,,,,
Central,97.90%,97.80%,97.20%,94.30%,98.10%,96.60%,96.60%,96.80%,94.50%,96.30%,92.50%,95.40%,96.50%,,,,,,
Waterloo & City,96.80%,98.80%,97.10%,98.70%,98.40%,99.50%,99.10%,98.70%,98.60%,99.00%,92.60%,94.40%,97.40%,,,,,,
Circle & Ham,95.50%,95.50%,93.10%,91.90%,93.50%,91.10%,94.70%,91.40%,92.10%,93.10%,90.50%,93.90%,95.80%,,,,,,
District,98.50%,97.80%,96.80%,98.60%,98.20%,98.10%,97.30%,97.10%,97.30%,97.50%,96.60%,96.00%,98.40%,,,,,,
Jubilee,98.40%,98.90%,98.40%,98.90%,98.70%,98.70%,98.80%,98.70%,98.70%,99.50%,96.70%,97.80%,99.50%,,,,,,
Metropolitan,98.90%,97.80%,96.00%,97.10%,97.80%,97.00%,98.60%,98.30%,98.00%,98.10%,98.30%,96.90%,97.90%,,,,,,
Northern,99.20%,98.60%,99.20%,99.30%,99.30%,99.00%,98.70%,99.20%,97.90%,99.40%,97.60%,98.80%,99.40%,,,,,,
Piccadilly,97.50%,97.90%,97.60%,97.40%,96.80%,95.80%,96.20%,95.00%,71.80%,87.10%,91.20%,94.30%,95.30%,,,,,,
Victoria,99.60%,98.50%,98.90%,96.60%,99.20%,99.10%,99.40%,98.80%,97.90%,97.50%,91.20%,98.80%,98.70%,,,,,,
TOTAL ALL LINES,98.30%,98.10%,97.50%,97.20%,98.00%,97.20%,97.60%,97.30%,93.40%,96.30%,94.50%,96.60%,97.70%,,,,,,
% of Schedule Operated,2017/18,,,,,,,,,,,,,,,,,,
Bakerloo,95.80%,97.40%,97.40%,97.50%,94.30%,95.50%,94.50%,96.40%,95.80%,96.80%,97.50%,96.40%,97.20%,,,,,,
Central,97.30%,96.40%,95.70%,95.40%,95.40%,96.40%,96.20%,95.90%,93.20%,93.10%,95.70%,94.90%,95.00%,,,,,,
Waterloo & City,97.90%,98.30%,97.80%,98.50%,99.30%,98.20%,98.30%,98.60%,98.30%,98.90%,96.80%,97.20%,98.70%,,,,,,
Circle & Ham,97.30%,94.70%,96.60%,94.70%,95.20%,96.50%,96.40%,95.30%,94.60%,94.40%,94.40%,94.50%,95.40%,,,,,,
District,98.20%,97.70%,96.80%,97.70%,97.00%,97.00%,96.80%,96.30%,96.90%,97.40%,96.70%,95.70%,96.50%,,,,,,
Jubilee,97.80%,99.50%,98.30%,97.90%,98.30%,97.50%,97.80%,98.50%,98.30%,97.80%,98.40%,97.40%,97.30%,,,,,,
Metropolitan,98.20%,98.30%,98.30%,98.60%,98.20%,98.50%,97.60%,97.10%,97.80%,95.40%,98.30%,96.90%,97.90%,,,,,,
Northern,99.20%,99.30%,98.60%,98.60%,97.80%,97.30%,98.60%,97.70%,98.40%,97.60%,99.40%,98.60%,99.30%,,,,,,
Piccadilly,95.00%,93.70%,91.60%,91.60%,92.60%,93.50%,91.70%,94.90%,94.20%,94.00%,94.20%,90.80%,94.00%,,,,,,
Victoria,98.90%,99.50%,98.00%,99.20%,98.20%,97.30%,97.80%,98.20%,97.60%,98.20%,98.50%,96.60%,97.60%,,,,,,
TOTAL ALL LINES,97.60%,97.50%,96.60%,96.70%,96.40%,96.60%,96.40%,96.80%,96.40%,96.00%,97.10%,95.80%,96.70%,,,,,,100
Scheduled kilometres,2018/19,,,,,,,,,,,,,,KMs Actual,,,,
Bakerloo,97.10%,97.20%,96.40%,97.00%,97.50%,97.60%,95.60%,98.40%,98.80%,97.20%,98.40%,96.20%,97.40%,,Bakerloo,,,,#REF!
Central,96.70%,96.40%,94.20%,95.40%,96.30%,97.70%,93.30%,94.20%,97.20%,97.70%,97.10%,96.90%,95.70%,,Central,,,,
Waterloo & City,97.90%,96.40%,97.20%,98.30%,97.90%,98.40%,94.00%,94.20%,97.10%,93.90%,98.60%,97.80%,98.40%,,Waterloo & City,,,,
Circle & Ham,94.30%,96.00%,94.70%,93.60%,95.50%,95.00%,93.90%,94.10%,89.00%,94.10%,93.10%,92.90%,89.20%,,Circle & Hammersmith & City,,,,
District,96.30%,96.00%,94.70%,93.60%,95.50%,95.00%,96.40%,97.50%,98.10%,98.30%,98.80%,97.70%,98.10%,,District,,,,
Jubilee,95.20%,98.80%,98.90%,98.50%,96.60%,97.90%,97.90%,95.20%,97.20%,96.50%,98.20%,97.40%,96.40%,,Jubilee,,,,
Metropolitan,97.30%,98.60%,98.00%,98.00%,97.30%,98.40%,97.50%,96.00%,97.30%,99.10%,98.30%,98.00%,97.90%,,Metropolitan,,,,
Northern,98.50%,99.10%,99.00%,99.50%,99.10%,98.80%,99.90%,99.30%,99.60%,99.50%,99.10%,99.50%,99.10%,,Northern,,,,
Piccadilly,94.70%,95.20%,95.40%,94.60%,93.70%,96.60%,78.50%,94.70%,90.60%,94.00%,94.60%,95.20%,96.50%,,Piccadilly,,,,
Victoria,99.20%,98.20%,95.90%,98.50%,98.30%,98.70%,96.20%,96.50%,97.60%,98.90%,98.00%,96.70%,97.50%,,Victoria,,,,
TOTAL ALL LINES,96.80%,97.50%,96.90%,97.00%,96.60%,97.70%,94.00%,96.20%,96.50%,97.40%,97.50%,97.10%,96.90%,,All lines,,,,
Scheduled kilometres,2019/20,,,,,,,,,,,,,,KMs Actual,,,,
Bakerloo,97.80%,,,,,,,,,,,,,,Bakerloo,,,,#REF!
Central,94.20%,,,,,,,,,,,,,,Central,,,,
Waterloo & City,98.50%,,,,,,,,,,,,,,Waterloo & City,,,,
Circle & Ham,92.90%,,,,,,,,,,,,,,Circle & Hammersmith & City,,,,
District,96.80%,,,,,,,,,,,,,,District,,,,
Jubilee,98.10%,,,,,,,,,,,,,,Jubilee,,,,
Metropolitan,98.80%,,,,,,,,,,,,,,Metropolitan,,,,
Northern,99.70%,,,,,,,,,,,,,,Northern,,,,
Piccadilly,94.30%,,,,,,,,,,,,,,Piccadilly,,,,
Victoria,97.10%,,,,,,,,,,,,,,Victoria,,,,
TOTAL ALL LINES,96.80%,,,,,,,,,,,,,,All lines,,,,
