timestamp,line_id,line_name,status,severity,is_disrupted
2026-09-25T13:23:09.115322+00:00,bakerloo,Bakerloo,Good Service,10,0
2026-09-25T13:23:09.115322+00:00,central,Central,Good Service,10,0
2026-09-25T13:23:09.115322+00:00,circle,Circle,Good Service,10,0
2026-09-25T13:23:09.115322+00:00,district,District,Minor Delays,9,1
2026-09-25T13:23:09.115322+00:00,hammersmith-city,Hammersmith & City,Good Service,10,0
2026-09-25T13:23:09.115322+00:00,jubilee,Jubilee,Minor Delays,9,1
2026-09-25T13:23:09.115322+00:00,metropolitan,Metropolitan,Good Service,10,0
2026-09-25T13:23:09.115322+00:00,northern,Northern,Good Service,10,0
2026-09-25T13:23:09.115322+00:00,piccadilly,Piccadilly,Good Service,10,0
2026-09-25T13:23:09.115322+00:00,victoria,Victoria,Good Service,10,0
2026-09-25T13:23:09.115322+00:00,waterloo-city,Waterloo & City,Good Service,10,0
2026-09-25T14:18:47.844262+00:00,bakerloo,Bakerloo,Good Service,10,0
2026-09-25T14:18:47.844262+00:00,central,Central,Good Service,10,0
2026-09-25T14:18:47.844262+00:00,circle,Circle,Good Service,10,0
2026-09-25T14:18:47.844262+00:00,district,District,Minor Delays,9,1
2026-09-25T14:18:47.844262+00:00,hammersmith-city,Hammersmith & City,Good Service,10,0
2026-09-25T14:18:47.844262+00:00,jubilee,Jubilee,Minor Delays,9,1
2026-09-25T14:18:47.844262+00:00,metropolitan,Metropolitan,Good Service,10,0
2026-09-25T14:18:47.844262+00:00,northern,Northern,Good Service,10,0
2026-09-25T14:18:47.844262+00:00,piccadilly,Piccadilly,Good Service,10,0
2026-09-25T14:18:47.844262+00:00,victoria,Victoria,Good Service,10,0
2026-09-25T14:18:47.844262+00:00,waterloo-city,Waterloo & City,Good Service,10,0
2026-09-25T14:58:58.697422+00:00,bakerloo,Bakerloo,Minor Delays,9,1
2026-09-25T14:58:58.697422+00:00,central,Central,Good Service,10,0
2026-09-25T14:58:58.697422+00:00,circle,Circle,Good Service,10,0
2026-09-25T14:58:58.697422+00:00,district,District,Good Service,10,0
2026-09-25T14:58:58.697422+00:00,hammersmith-city,Hammersmith & City,Good Service,10,0
2026-09-25T14:58:58.697422+00:00,jubilee,Jubilee,Minor Delays,9,1
2026-09-25T14:58:58.697422+00:00,metropolitan,Metropolitan,Good Service,10,0
2026-09-25T14:58:58.697422+00:00,northern,Northern,Good Service,10,0
2026-09-25T14:58:58.697422+00:00,piccadilly,Piccadilly,Good Service,10,0
2026-09-25T14:58:58.697422+00:00,victoria,Victoria,Good Service,10,0
2026-09-25T14:58:58.697422+00:00,waterloo-city,Waterloo & City,Good Service,10,0
2026-09-25T19:12:26.171279+00:00,bakerloo,Bakerloo,Good Service,10,0
2026-09-25T19:12:26.171279+00:00,central,Central,Minor Delays,9,1
2026-09-25T19:12:26.171279+00:00,circle,Circle,Good Service,10,0
2026-09-25T19:12:26.171279+00:00,district,District,Good Service,10,0
2026-09-25T19:12:26.171279+00:00,hammersmith-city,Hammersmith & City,Good Service,10,0
2026-09-25T19:12:26.171279+00:00,jubilee,Jubilee,Severe Delays,6,1
2026-09-25T19:12:26.171279+00:00,metropolitan,Metropolitan,Good Service,10,0
2026-09-25T19:12:26.171279+00:00,northern,Northern,Good Service,10,0
2026-09-25T19:12:26.171279+00:00,piccadilly,Piccadilly,Good Service,10,0
2026-09-25T19:12:26.171279+00:00,victoria,Victoria,Severe Delays,6,1
2026-09-25T19:12:26.171279+00:00,waterloo-city,Waterloo & City,Good Service,10,0
2026-09-25T23:03:55.725367+00:00,bakerloo,Bakerloo,Good Service,10,0
2026-09-25T23:03:55.725367+00:00,central,Central,Good Service,10,0
2026-09-25T23:03:55.725367+00:00,circle,Circle,Good Service,10,0
2026-09-25T23:03:55.725367+00:00,district,District,Good Service,10,0
2026-09-25T23:03:55.725367+00:00,hammersmith-city,Hammersmith & City,Good Service,10,0
2026-09-25T23:03:55.725367+00:00,jubilee,Jubilee,Good Service,10,0
2026-09-25T23:03:55.725367+00:00,metropolitan,Metropolitan,Good Service,10,0
2026-09-25T23:03:55.725367+00:00,northern,Northern,Good Service,10,0
2026-09-25T23:03:55.725367+00:00,piccadilly,Piccadilly,Good Service,10,0
2026-09-25T23:03:55.725367+00:00,victoria,Victoria,Good Service,10,0
2026-09-25T23:03:55.725367+00:00,waterloo-city,Waterloo & City,Good Service,10,0
2026-09-26T03:26:47.198966+00:00,bakerloo,Bakerloo,Good Service,10,0
2026-09-26T03:26:47.198966+00:00,central,Central,Good Service,10,0
2026-09-26T03:26:47.198966+00:00,circle,Circle,Good Service,10,0
2026-09-26T03:26:47.198966+00:00,district,District,Good Service,10,0
2026-09-26T03:26:47.198966+00:00,hammersmith-city,Hammersmith & City,Good Service,10,0
2026-09-26T03:26:47.198966+00:00,jubilee,Jubilee,Good Service,10,0
2026-09-26T03:26:47.198966+00:00,metropolitan,Metropolitan,Good Service,10,0
2026-09-26T03:26:47.198966+00:00,northern,Northern,Good Service,10,0
2026-09-26T03:26:47.198966+00:00,piccadilly,Piccadilly,Part Closure,5,1
2026-09-26T03:26:47.198966+00:00,victoria,Victoria,Good Service,10,0
2026-09-26T03:26:47.198966+00:00,waterloo-city,Waterloo & City,Planned Closure,4,1
2026-09-26T09:04:54.485390+00:00,bakerloo,Bakerloo,Good Service,10,0
2026-09-26T09:04:54.485390+00:00,central,Central,Part Closure,5,1
2026-09-26T09:04:54.485390+00:00,circle,Circle,Minor Delays,9,1
2026-09-26T09:04:54.485390+00:00,district,District,Good Service,10,0
2026-09-26T09:04:54.485390+00:00,hammersmith-city,Hammersmith & City,Good Service,10,0
2026-09-26T09:04:54.485390+00:00,jubilee,Jubilee,Good Service,10,0
2026-09-26T09:04:54.485390+00:00,metropolitan,Metropolitan,Minor Delays,9,1
2026-09-26T09:04:54.485390+00:00,northern,Northern,Good Service,10,0
2026-09-26T09:04:54.485390+00:00,piccadilly,Piccadilly,Part Closure,5,1
2026-09-26T09:04:54.485390+00:00,victoria,Victoria,Good Service,10,0
2026-09-26T09:04:54.485390+00:00,waterloo-city,Waterloo & City,Planned Closure,4,1
2026-09-26T14:04:30.002578+00:00,bakerloo,Bakerloo,Good Service,10,0
2026-09-26T14:04:30.002578+00:00,central,Central,Part Closure,5,1
2026-09-26T14:04:30.002578+00:00,circle,Circle,Good Service,10,0
2026-09-26T14:04:30.002578+00:00,district,District,Good Service,10,0
2026-09-26T14:04:30.002578+00:00,hammersmith-city,Hammersmith & City,Good Service,10,0
2026-09-26T14:04:30.002578+00:00,jubilee,Jubilee,Minor Delays,9,1
2026-09-26T14:04:30.002578+00:00,metropolitan,Metropolitan,Minor Delays,9,1
2026-09-26T14:04:30.002578+00:00,northern,Northern,Severe Delays,6,1
2026-09-26T14:04:30.002578+00:00,piccadilly,Piccadilly,Part Closure,5,1
2026-09-26T14:04:30.002578+00:00,victoria,Victoria,Minor Delays,9,1
2026-09-26T14:04:30.002578+00:00,waterloo-city,Waterloo & City,Planned Closure,4,1
2026-09-26T18:17:56.981967+00:00,bakerloo,Bakerloo,Good Service,10,0
2026-09-26T18:17:56.981967+00:00,central,Central,Part Closure,5,1
2026-09-26T18:17:56.981967+00:00,circle,Circle,Good Service,10,0
2026-09-26T18:17:56.981967+00:00,district,District,Good Service,10,0
2026-09-26T18:17:56.981967+00:00,hammersmith-city,Hammersmith & City,Good Service,10,0
2026-09-26T18:17:56.981967+00:00,jubilee,Jubilee,Minor Delays,9,1
2026-09-26T18:17:56.981967+00:00,metropolitan,Metropolitan,Minor Delays,9,1
2026-09-26T18:17:56.981967+00:00,northern,Northern,Good Service,10,0
2026-09-26T18:17:56.981967+00:00,piccadilly,Piccadilly,Part Closure,5,1
2026-09-26T18:17:56.981967+00:00,victoria,Victoria,Minor Delays,9,1
2026-09-26T18:17:56.981967+00:00,waterloo-city,Waterloo & City,Planned Closure,4,1
2026-09-26T21:48:29.883103+00:00,bakerloo,Bakerloo,Good Service,10,0
2026-09-26T21:48:29.883103+00:00,central,Central,Part Closure,5,1
2026-09-26T21:48:29.883103+00:00,circle,Circle,Good Service,10,0
2026-09-26T21:48:29.883103+00:00,district,District,Good Service,10,0
2026-09-26T21:48:29.883103+00:00,hammersmith-city,Hammersmith & City,Good Service,10,0
2026-09-26T21:48:29.883103+00:00,jubilee,Jubilee,Minor Delays,9,1
2026-09-26T21:48:29.883103+00:00,metropolitan,Metropolitan,Good Service,10,0
2026-09-26T21:48:29.883103+00:00,northern,Northern,Minor Delays,9,1
2026-09-26T21:48:29.883103+00:00,piccadilly,Piccadilly,Part Closure,5,1
2026-09-26T21:48:29.883103+00:00,victoria,Victoria,Severe Delays,6,1
2026-09-26T21:48:29.883103+00:00,waterloo-city,Waterloo & City,Planned Closure,4,1
2026-09-27T00:12:36.564156+00:00,bakerloo,Bakerloo,Good Service,10,0
2026-09-27T00:12:36.564156+00:00,central,Central,Part Closure,5,1
2026-09-27T00:12:36.564156+00:00,circle,Circle,Good Service,10,0
2026-09-27T00:12:36.564156+00:00,district,District,Good Service,10,0
2026-09-27T00:12:36.564156+00:00,hammersmith-city,Hammersmith & City,Good Service,10,0
2026-09-27T00:12:36.564156+00:00,jubilee,Jubilee,Good Service,10,0
2026-09-27T00:12:36.564156+00:00,metropolitan,Metropolitan,Good Service,10,0
2026-09-27T00:12:36.564156+00:00,northern,Northern,Good Service,10,0
2026-09-27T00:12:36.564156+00:00,piccadilly,Piccadilly,Part Closure,5,1
2026-09-27T00:12:36.564156+00:00,victoria,Victoria,Good Service,10,0
2026-09-27T00:12:36.564156+00:00,waterloo-city,Waterloo & City,Planned Closure,4,1
2026-09-27T06:11:01.125241+00:00,bakerloo,Bakerloo,Good Service,10,0
2026-09-27T06:11:01.125241+00:00,central,Central,Part Closure,5,1
2026-09-27T06:11:01.125241+00:00,circle,Circle,Good Service,10,0
2026-09-27T06:11:01.125241+00:00,district,District,Minor Delays,9,1
2026-09-27T06:11:01.125241+00:00,hammersmith-city,Hammersmith & City,Good Service,10,0
2026-09-27T06:11:01.125241+00:00,jubilee,Jubilee,Good Service,10,0
2026-09-27T06:11:01.125241+00:00,metropolitan,Metropolitan,Good Service,10,0
2026-09-27T06:11:01.125241+00:00,northern,Northern,Good Service,10,0
2026-09-27T06:11:01.125241+00:00,piccadilly,Piccadilly,Part Closure,5,1
2026-09-27T06:11:01.125241+00:00,victoria,Victoria,Minor Delays,9,1
2026-09-27T06:11:01.125241+00:00,waterloo-city,Waterloo & City,Planned Closure,4,1
2026-09-27T12:43:27.520845+00:00,bakerloo,Bakerloo,Good Service,10,0
2026-09-27T12:43:27.520845+00:00,central,Central,Part Closure,5,1
2026-09-27T12:43:27.520845+00:00,circle,Circle,Good Service,10,0
2026-09-27T12:43:27.520845+00:00,district,District,Part Suspended,3,1
2026-09-27T12:43:27.520845+00:00,hammersmith-city,Hammersmith & City,Good Service,10,0
2026-09-27T12:43:27.520845+00:00,jubilee,Jubilee,Minor Delays,9,1
2026-09-27T12:43:27.520845+00:00,metropolitan,Metropolitan,Minor Delays,9,1
2026-09-27T12:43:27.520845+00:00,northern,Northern,Good Service,10,0
2026-09-27T12:43:27.520845+00:00,piccadilly,Piccadilly,Part Closure,5,1
2026-09-27T12:43:27.520845+00:00,victoria,Victoria,Minor Delays,9,1
2026-09-27T12:43:27.520845+00:00,waterloo-city,Waterloo & City,Planned Closure,4,1
2026-09-27T17:28:13.360299+00:00,bakerloo,Bakerloo,Good Service,10,0
2026-09-27T17:28:13.360299+00:00,central,Central,Part Closure,5,1
2026-09-27T17:28:13.360299+00:00,circle,Circle,Good Service,10,0
2026-09-27T17:28:13.360299+00:00,district,District,Good Service,10,0
2026-09-27T17:28:13.360299+00:00,hammersmith-city,Hammersmith & City,Good Service,10,0
2026-09-27T17:28:13.360299+00:00,jubilee,Jubilee,Good Service,10,0
2026-09-27T17:28:13.360299+00:00,metropolitan,Metropolitan,Minor Delays,9,1
2026-09-27T17:28:13.360299+00:00,northern,Northern,Good Service,10,0
2026-09-27T17:28:13.360299+00:00,piccadilly,Piccadilly,Part Closure,5,1
2026-09-27T17:28:13.360299+00:00,victoria,Victoria,Severe Delays,6,1
2026-09-27T17:28:13.360299+00:00,waterloo-city,Waterloo & City,Planned Closure,4,1
2026-09-27T20:51:28.589439+00:00,bakerloo,Bakerloo,Good Service,10,0
2026-09-27T20:51:28.589439+00:00,central,Central,Part Closure,5,1
2026-09-27T20:51:28.589439+00:00,circle,Circle,Good Service,10,0
2026-09-27T20:51:28.589439+00:00,district,District,Good Service,10,0
2026-09-27T20:51:28.589439+00:00,hammersmith-city,Hammersmith & City,Good Service,10,0
2026-09-27T20:51:28.589439+00:00,jubilee,Jubilee,Minor Delays,9,1
2026-09-27T20:51:28.589439+00:00,metropolitan,Metropolitan,Good Service,10,0
2026-09-27T20:51:28.589439+00:00,northern,Northern,Good Service,10,0
2026-09-27T20:51:28.589439+00:00,piccadilly,Piccadilly,Part Closure,5,1
2026-09-27T20:51:28.589439+00:00,victoria,Victoria,Severe Delays,6,1
2026-09-27T20:51:28.589439+00:00,waterloo-city,Waterloo & City,Planned Closure,4,1
2026-09-27T23:37:44.313906+00:00,bakerloo,Bakerloo,Good Service,10,0
2026-09-27T23:37:44.313906+00:00,central,Central,Part Closure,5,1
2026-09-27T23:37:44.313906+00:00,circle,Circle,Good Service,10,0
2026-09-27T23:37:44.313906+00:00,district,District,Good Service,10,0
2026-09-27T23:37:44.313906+00:00,hammersmith-city,Hammersmith & City,Good Service,10,0
2026-09-27T23:37:44.313906+00:00,jubilee,Jubilee,Good Service,10,0
2026-09-27T23:37:44.313906+00:00,metropolitan,Metropolitan,Good Service,10,0
2026-09-27T23:37:44.313906+00:00,northern,Northern,Good Service,10,0
2026-09-27T23:37:44.313906+00:00,piccadilly,Piccadilly,Part Closure,5,1
2026-09-27T23:37:44.313906+00:00,victoria,Victoria,Severe Delays,6,1
2026-09-27T23:37:44.313906+00:00,waterloo-city,Waterloo & City,Planned Closure,4,1
2026-09-28T03:33:32.920562+00:00,bakerloo,Bakerloo,Good Service,10,0
2026-09-28T03:33:32.920562+00:00,central,Central,Good Service,10,0
2026-09-28T03:33:32.920562+00:00,circle,Circle,Good Service,10,0
2026-09-28T03:33:32.920562+00:00,district,District,Good Service,10,0
2026-09-28T03:33:32.920562+00:00,hammersmith-city,Hammersmith & City,Good Service,10,0
2026-09-28T03:33:32.920562+00:00,jubilee,Jubilee,Good Service,10,0
2026-09-28T03:33:32.920562+00:00,metropolitan,Metropolitan,Good Service,10,0
2026-09-28T03:33:32.920562+00:00,northern,Northern,Good Service,10,0
2026-09-28T03:33:32.920562+00:00,piccadilly,Piccadilly,Good Service,10,0
2026-09-28T03:33:32.920562+00:00,victoria,Victoria,Good Service,10,0
2026-09-28T03:33:32.920562+00:00,waterloo-city,Waterloo & City,Good Service,10,0
